,KRW-BTC,KRW-ETH,KRW-XRP,KRW-ADA,KRW-ETC,KRW-BCH,KRW-XLM,KOSPI,DJI,VIX,HSI
0,0.6950902,0.4355086,1.2992616,2.6579604,0.75439054,0.8567671,0.53817594,0.36287457,0.37478173,0.19666442,0.29453295
1,0.77869713,0.45168617,1.2813829,3.356311,0.74199903,0.86321396,0.531628,0.33839333,0.36597717,0.20761475,0.30109364
2,0.8308035,0.46168655,1.2786902,2.7472477,0.74352664,0.8302229,0.5304366,0.34341803,0.38183698,0.19338197,0.28743926
3,0.6971805,0.45481095,1.2602928,2.6942148,0.75345045,0.84025025,0.6028142,0.35385692,0.35982987,0.20723736,0.2838534
4,0.78192216,0.44508132,1.3005999,2.6623816,0.7830611,0.9697611,0.5257018,0.36715212,0.38492027,0.19042236,0.29176915
5,0.69382566,0.44445878,1.3260952,2.713551,0.76686865,0.8846061,0.546471,0.3646554,0.37421134,0.19494084,0.2949722
6,0.77916807,0.44486922,1.2879364,3.2810187,0.7299397,0.8642131,0.530052,0.33980507,0.3674661,0.20818338,0.30277997
7,0.80663127,0.4503426,1.2930319,2.6526275,0.73949623,0.83569354,0.52170074,0.34296182,0.3823933,0.19396214,0.2891602
8,0.6847253,0.44937992,1.2511206,2.6349494,0.7515959,0.8321718,0.6007962,0.35139397,0.35822618,0.2067059,0.2830339
9,0.78353035,0.44775286,1.2840152,2.6451745,0.7885515,0.94535995,0.52086926,0.36355546,0.3819478,0.1895023,0.2896946
10,0.6731734,0.41887796,1.2845112,2.5397062,0.73332274,0.8575157,0.5313214,0.36136353,0.37274402,0.19638233,0.29433057
11,0.74969435,0.43008724,1.266397,3.1461565,0.71257234,0.8619838,0.52498883,0.3365184,0.36436844,0.20846313,0.3024748
12,0.7779527,0.42045155,1.3199246,2.597565,0.717913,0.8793032,0.5331749,0.34686577,0.385211,0.1957603,0.29437134
13,0.6773668,0.4285257,1.2796164,2.5551298,0.73498815,0.8499573,0.6012896,0.35568056,0.36356828,0.20883021,0.28747714
14,0.74624574,0.42268172,1.2802435,2.4834342,0.7546692,0.9699116,0.5212895,0.36505976,0.38217458,0.18897125,0.29178512
15,0.6678511,0.41769135,1.3088927,2.5249243,0.7277219,0.86855406,0.5307862,0.36229378,0.37490582,0.1971268,0.29636776
16,0.7498032,0.41551545,1.2917038,3.1281545,0.70446485,0.88378555,0.5287336,0.341412,0.3682856,0.20883317,0.3076753
17,0.798548,0.4228764,1.2685126,2.5245812,0.6979074,0.8312909,0.5147077,0.34319648,0.3829908,0.19481525,0.29041174
18,0.66659516,0.42027038,1.2674106,2.503165,0.7244702,0.8494382,0.60092926,0.35466334,0.36295968,0.20862228,0.28764707
19,0.74531573,0.41207755,1.2867539,2.4944346,0.75068605,0.96222764,0.51495856,0.36437812,0.38412738,0.19155946,0.29308292
20,0.66574484,0.39655226,1.2590413,2.4008284,0.6903987,0.84221154,0.52104604,0.36213267,0.37591714,0.19876999,0.29627728
21,0.74486727,0.38458025,1.2529323,2.8512511,0.6431125,0.84228456,0.5047514,0.3464737,0.37387025,0.21247461,0.30729598
22,0.7736487,0.3935855,1.2332212,2.3414164,0.6585475,0.8204412,0.50009274,0.34229746,0.38253608,0.19705158,0.29178023
23,0.65357137,0.39783886,1.2221583,2.3481245,0.68147856,0.81956506,0.5971325,0.35165,0.3620765,0.20977621,0.28734884
24,0.7189544,0.38546532,1.259815,2.3109887,0.7115178,0.964359,0.5087213,0.36400717,0.38285542,0.19276394,0.29450107
25,0.6445163,0.37063336,1.247174,2.2634912,0.66389936,0.8420691,0.50950354,0.35990775,0.37730354,0.19954252,0.29728046
26,0.683892,0.34828222,1.2080907,2.6528015,0.60337377,0.8441045,0.49002236,0.33891532,0.36635724,0.21385479,0.30936044
27,0.7645387,0.3861043,1.2287065,2.3116224,0.6410646,0.8123394,0.4926439,0.34324515,0.3843036,0.19862862,0.2925855
28,0.62859243,0.3737976,1.2110238,2.1946867,0.65199095,0.821718,0.58873427,0.3514946,0.36376867,0.2105664,0.28974038
29,0.7214326,0.3804193,1.2077975,2.2138724,0.6706507,0.9208124,0.49015957,0.35908082,0.38068196,0.1947102,0.2927985
30,0.615223,0.34697488,1.2309788,2.1153207,0.6347188,0.82868445,0.49536178,0.35794318,0.37573296,0.20114261,0.29791966
31,0.7016084,0.35972995,1.1905131,2.7480726,0.6076193,0.81776,0.48376992,0.33766636,0.3670379,0.21219228,0.30493963
32,0.739706,0.35747817,1.2050085,2.1158874,0.61200064,0.80347955,0.4783155,0.34128487,0.38274843,0.19977799,0.29355273
33,0.61031836,0.35038453,1.1986802,2.0490675,0.619763,0.8141501,0.59051305,0.35156876,0.36556572,0.21246944,0.29161108
34,0.7139904,0.36164117,1.1930403,2.1127617,0.64706683,0.90765244,0.47833452,0.3579346,0.3806852,0.19729567,0.2937656
35,0.6224335,0.3629641,1.2305675,2.1657712,0.63872963,0.8226796,0.49493772,0.3562792,0.37681198,0.20195213,0.2976545
36,0.6814404,0.34516963,1.204289,2.6149282,0.59803724,0.8385088,0.4867984,0.34027424,0.36812133,0.21437967,0.309362
37,0.7354665,0.35139838,1.1861502,2.093401,0.59766096,0.79235345,0.4729428,0.3411447,0.38253364,0.20027195,0.2932166
38,0.6056413,0.353897,1.1794568,2.0541427,0.6156494,0.81212187,0.58911955,0.3497538,0.3632375,0.2123159,0.2908568
39,0.7082329,0.3490035,1.1854268,2.0615244,0.62925535,0.90623975,0.470425,0.35818043,0.382984,0.19830978,0.2951118
40,0.64040166,0.36015856,1.245523,2.216905,0.6479094,0.83421874,0.5047115,0.3598281,0.37954617,0.2023085,0.29869232
41,0.70697945,0.35986358,1.2284758,2.722292,0.6115697,0.82922393,0.4867144,0.3424549,0.37103042,0.21367961,0.30792633
42,0.7294764,0.3531852,1.1961088,2.1067755,0.6017733,0.8089395,0.4814825,0.340253,0.38135487,0.19838648,0.29337645
43,0.6124144,0.36011028,1.1986744,2.0996237,0.63600564,0.8064415,0.591044,0.3503098,0.36300504,0.21132465,0.28916028
44,0.7318883,0.3725233,1.2250499,2.2238584,0.6706714,0.9260936,0.4866381,0.3617216,0.3840229,0.19804633,0.29522306
45,0.6195919,0.3618137,1.1988454,2.1270442,0.6347131,0.80685014,0.49376327,0.3556353,0.3738665,0.20101947,0.29592374
46,0.6864207,0.36429313,1.2245866,2.751988,0.62872505,0.8443885,0.49161062,0.33689767,0.3653481,0.21192078,0.30718452
47,0.74073374,0.3598286,1.2085546,2.1725242,0.6135908,0.80978227,0.48471773,0.34282532,0.38397393,0.19963488,0.2939288
48,0.638523,0.36628845,1.2200501,2.1884446,0.6340346,0.8184021,0.5855897,0.3545299,0.370868,0.21300161,0.29298887
49,0.71961516,0.37140816,1.2142186,2.1832364,0.6679325,0.9207369,0.48724648,0.3600918,0.38159034,0.19666599,0.29406524
50,0.6368356,0.36271912,1.2144622,2.1685174,0.63941765,0.80155927,0.4927893,0.35722893,0.3771138,0.20110273,0.29582226
51,0.7024446,0.35206425,1.1831275,2.701286,0.5912176,0.7991322,0.4718587,0.33970565,0.36992463,0.21273136,0.30436048
52,0.7650486,0.37525994,1.2238356,2.2669501,0.63189644,0.7999613,0.4861205,0.343321,0.38476288,0.19962224,0.29241008
53,0.62115353,0.35760796,1.1852475,2.0986075,0.61852133,0.7930052,0.58870435,0.35136595,0.3668226,0.21330233,0.29070404
54,0.69932646,0.3577776,1.2220187,2.1316476,0.65358526,0.9274456,0.4836945,0.35966423,0.38303176,0.19665332,0.29545492
55,0.6244129,0.3528414,1.1846949,2.0907192,0.62198424,0.79294586,0.48811474,0.35469133,0.3752963,0.20250458,0.29589033
56,0.71720433,0.35635498,1.2053984,2.6866474,0.5972056,0.80333704,0.47553334,0.34311855,0.37289962,0.21382679,0.30527404
57,0.73920053,0.3615826,1.1956468,2.1502619,0.612923,0.8045175,0.4836446,0.3413086,0.3820366,0.19853778,0.29292682
58,0.6180881,0.35045627,1.1676539,2.0424552,0.60642827,0.7804314,0.57917535,0.35082528,0.3675093,0.21313141,0.29027352
59,0.70815027,0.36903575,1.2051615,2.149991,0.6624698,0.9139165,0.48119763,0.35871446,0.38121995,0.19536449,0.29320416
60,0.630177,0.35278496,1.2248024,2.137768,0.6265155,0.8104319,0.48946625,0.3572445,0.37978476,0.20314372,0.29812783
61,0.666688,0.3396669,1.1700044,2.5580442,0.5863754,0.82316434,0.47689575,0.3356874,0.3647184,0.21341258,0.30685002
62,0.75209475,0.3557467,1.1691285,2.094919,0.591601,0.7804934,0.47283566,0.34143555,0.38282013,0.20052677,0.29226097
63,0.6264366,0.3661231,1.1857983,2.1347296,0.62764525,0.783714,0.5847708,0.35101613,0.36492303,0.2129758,0.28836095
64,0.71250457,0.35717338,1.2005864,2.1093385,0.6425043,0.9068618,0.4759024,0.35931957,0.3829818,0.19906496,0.29547763
65,0.64018095,0.35228747,1.2107462,2.1444762,0.61730623,0.7819957,0.48161343,0.35498977,0.38226563,0.20529108,0.29728594
66,0.69745445,0.34953994,1.1577933,2.6907892,0.5797631,0.7749103,0.46245456,0.3383281,0.3691991,0.21322861,0.30144474
67,0.74022466,0.34515563,1.1679038,2.0783997,0.57630163,0.77300227,0.46446705,0.34232235,0.38488778,0.20217815,0.29363662
68,0.60717976,0.35230836,1.1585292,2.035237,0.60680246,0.78191835,0.5791065,0.348625,0.36222953,0.21255107,0.288289
69,0.714138,0.35590106,1.1803229,2.0877247,0.6335276,0.88642466,0.4685247,0.35584268,0.38146362,0.20074967,0.29431775
70,0.61324507,0.33511233,1.1645526,1.9746383,0.5856743,0.7607564,0.46808296,0.35164994,0.37819684,0.20545174,0.29648894
71,0.6689598,0.33115265,1.1508591,2.5374093,0.564477,0.79347575,0.46259087,0.33689862,0.36730525,0.21362346,0.30480146
72,0.7198808,0.32309625,1.134348,1.8979982,0.5410816,0.75839007,0.44979012,0.34124702,0.38417983,0.20480539,0.29481906
73,0.5997727,0.3329123,1.133788,1.9186828,0.57411736,0.7571342,0.5634542,0.34807146,0.36752605,0.21484871,0.29013133
74,0.6958748,0.33642915,1.155088,1.9345202,0.59762627,0.86951447,0.45276722,0.3544931,0.38031378,0.20188423,0.2946627
75,0.6036493,0.33044696,1.1269553,1.9030565,0.5710206,0.74206805,0.4606627,0.348529,0.3751303,0.20505455,0.29456326
76,0.66430205,0.3062921,1.1042414,2.3348725,0.5135067,0.73757714,0.43173477,0.34020284,0.37222686,0.2167646,0.30171397
77,0.7288601,0.3244615,1.1127709,1.8679106,0.53103864,0.72301257,0.43641102,0.34116876,0.38539088,0.20657593,0.29287407
78,0.5860887,0.32195687,1.1105695,1.8383806,0.55482316,0.7431302,0.55969787,0.34625793,0.363917,0.21451992,0.28841862
79,0.69831675,0.33186257,1.1638298,1.9612039,0.5974352,0.87852347,0.4560161,0.356063,0.38189203,0.20274483,0.29623955
80,0.5956716,0.31192803,1.1324291,1.8379353,0.55791193,0.74856234,0.45669907,0.34927392,0.37875205,0.20751618,0.29670346
81,0.6537471,0.30077788,1.1097184,2.2788916,0.50996584,0.7464692,0.43176928,0.33906364,0.37151122,0.21651624,0.30362764
82,0.7316154,0.32376385,1.1088977,1.8681389,0.52996206,0.7180625,0.43494183,0.34053993,0.3850728,0.20728691,0.2927509
83,0.5884494,0.31300214,1.1074207,1.7952226,0.53461343,0.7370314,0.5499431,0.34821624,0.3699654,0.21621288,0.2913998
84,0.66901594,0.31601593,1.1091981,1.7869114,0.5606001,0.85081947,0.44089153,0.35104346,0.37824506,0.20270932,0.29421872
85,0.5871444,0.30980983,1.1311107,1.8194513,0.54995173,0.75309885,0.45593736,0.3495911,0.37759253,0.20663154,0.29668722
86,0.67147386,0.30872035,1.1281811,2.3866456,0.52150685,0.76288927,0.44478372,0.34287754,0.3738624,0.21697576,0.305596
87,0.6974654,0.30409706,1.1148471,1.7811847,0.5174338,0.74278724,0.43594497,0.33963463,0.38381463,0.20631729,0.2949868
88,0.5934983,0.3176092,1.151576,1.8562546,0.5595377,0.7643899,0.56049836,0.35158113,0.37264767,0.2163656,0.29431137
89,0.6823777,0.30827686,1.1294694,1.8315859,0.55918205,0.8476312,0.4370924,0.35217652,0.38225102,0.20636383,0.29700986
90,0.5750405,0.30650184,1.1422833,1.7883605,0.55851614,0.77099764,0.46090263,0.3506361,0.37526962,0.20465797,0.29789484
91,0.6569826,0.30620098,1.1031898,2.325511,0.5138271,0.75136286,0.43732938,0.3373529,0.36880302,0.21727672,0.30321455
92,0.71131927,0.31624097,1.1453009,1.8934772,0.54140306,0.76463944,0.45020998,0.3410537,0.38412827,0.20436577,0.29513237
93,0.5601871,0.3025729,1.1421905,1.7427309,0.5462067,0.7895189,0.5600405,0.34858018,0.36682785,0.21539558,0.2950232
94,0.64908,0.30862826,1.1319569,1.7696118,0.5745026,0.89504695,0.45125502,0.35426468,0.37921852,0.20151977,0.29655054
95,0.5878118,0.3014799,1.1556522,1.817446,0.5562056,0.7765345,0.46407712,0.3534683,0.37982354,0.20633997,0.2993796
96,0.6384751,0.2985985,1.1370676,2.3042364,0.5189062,0.78746635,0.44842187,0.34016898,0.3699138,0.21714048,0.30992585
97,0.7103231,0.32052362,1.1491516,1.9028853,0.55085474,0.774849,0.4557819,0.3396357,0.38185218,0.20267303,0.29459792
98,0.56455797,0.3037466,1.1514776,1.7717466,0.5506183,0.79910415,0.5624855,0.349438,0.36835724,0.21459311,0.2960162
99,0.67328537,0.3158892,1.1493883,1.8627396,0.580827,0.895379,0.45440406,0.35673553,0.38229573,0.20229816,0.29754552
100,0.5539475,0.2809523,1.1455369,1.666416,0.5307866,0.8033971,0.46121094,0.35083947,0.37605935,0.20517655,0.30107212
101,0.6214208,0.28762475,1.1622351,2.197867,0.5183094,0.82218206,0.45510444,0.33972758,0.36817023,0.21787739,0.31480837
102,0.637973,0.28030404,1.1545101,1.69142,0.5185247,0.8227496,0.4546122,0.33636948,0.378442,0.2021874,0.29918027
103,0.5393443,0.2873328,1.1072191,1.6300201,0.5194854,0.7797649,0.5555313,0.3457245,0.3645285,0.21530807,0.2948747
104,0.6308875,0.28927758,1.1347252,1.6795696,0.54313,0.8941945,0.44393912,0.3537041,0.3805385,0.20330134,0.299431
105,0.535057,0.27613556,1.1778541,1.6587033,0.53698933,0.848918,0.4713932,0.3549236,0.37365288,0.20300162,0.3032902
106,0.58484316,0.26734248,1.1344082,2.03988,0.49106365,0.8189305,0.4428883,0.33647096,0.3654547,0.21875668,0.31650242
107,0.62898177,0.2705394,1.12699,1.5956384,0.4903535,0.8005001,0.43983796,0.33676684,0.37991083,0.2032195,0.29977033
108,0.52172816,0.27163714,1.1201658,1.5539246,0.50771993,0.80231667,0.5513707,0.3454435,0.36579514,0.21526216,0.2979627
109,0.5970859,0.2723165,1.1221306,1.5681276,0.52686054,0.9155211,0.4417779,0.3533156,0.3790506,0.20292002,0.300794
110,0.51167303,0.25552982,1.1143359,1.4929384,0.4980095,0.7973987,0.44593468,0.34980905,0.37216783,0.20495552,0.3017447
111,0.5846243,0.25976345,1.1233408,1.9902089,0.47432685,0.80155516,0.43339226,0.33988664,0.3690397,0.220128,0.31691658
112,0.6232545,0.26294202,1.1094791,1.5424583,0.48122138,0.7885314,0.43308353,0.33493453,0.37810433,0.20521218,0.29980102
113,0.52062106,0.26640564,1.1283481,1.5333823,0.504798,0.8006134,0.5434534,0.3474213,0.36887577,0.21599108,0.30004838
114,0.5926104,0.2682346,1.1299939,1.5606357,0.53047717,0.91902953,0.4427956,0.3526459,0.3792636,0.20363304,0.30147284
115,0.50533026,0.25350544,1.1193197,1.476264,0.4956083,0.8153806,0.45013008,0.3514264,0.37191772,0.2042649,0.30312386
116,0.56768167,0.24821937,1.1108681,1.8761979,0.45923597,0.8051278,0.43095985,0.3384664,0.3672506,0.22071688,0.31902698
117,0.6011666,0.24565788,1.0932035,1.4387329,0.45434132,0.7951499,0.42658797,0.3368499,0.38038597,0.20721856,0.30300546
118,0.50550586,0.24909149,1.1002982,1.4266944,0.47036347,0.7812488,0.52819544,0.3466368,0.37218466,0.21875954,0.30253533
119,0.5735,0.25831378,1.1234611,1.505079,0.5164462,0.92461824,0.44167042,0.35240144,0.37891665,0.20436996,0.30279627
120,0.49921715,0.24669689,1.1134568,1.4353752,0.48393908,0.8058064,0.4423784,0.34881565,0.37269363,0.20476547,0.30308488
121,0.5740906,0.24730158,1.1035271,1.8795811,0.45342734,0.79581714,0.42713723,0.34068874,0.3698078,0.22107342,0.31839377
122,0.5918738,0.24372803,1.1110107,1.4463403,0.4583251,0.80743796,0.42952096,0.3357661,0.37917557,0.20641333,0.30299312
123,0.49355057,0.25010657,1.1111517,1.420204,0.48308292,0.80946815,0.539566,0.34461188,0.3647259,0.21644668,0.30080903
124,0.5796481,0.25614944,1.1070454,1.4742289,0.50840837,0.91760874,0.43501854,0.35207883,0.3799037,0.20414475,0.30234778
125,0.5168712,0.25451097,1.1283033,1.5031799,0.49651742,0.8010069,0.44704026,0.34997132,0.37562835,0.2065997,0.30349183
126,0.55462766,0.24286129,1.1065564,1.8375038,0.4583506,0.8114908,0.42744714,0.33548367,0.36480567,0.220145,0.31876355
127,0.6023764,0.24931064,1.1293162,1.5077814,0.4688881,0.8170697,0.43542758,0.33661065,0.37999,0.20547897,0.3031956
128,0.5077014,0.25064677,1.1301464,1.4639916,0.48337975,0.81246203,0.5368054,0.3480782,0.3719578,0.21802318,0.30374992
129,0.57013506,0.25189784,1.1125779,1.4567572,0.50029355,0.91222453,0.4327655,0.35153282,0.37915078,0.20478325,0.30301014
130,0.5276692,0.2599073,1.1205673,1.5450145,0.50113994,0.79276294,0.4482418,0.35024956,0.37532136,0.20615393,0.30183256
131,0.58548856,0.26582468,1.1276153,2.0280726,0.48589212,0.80641574,0.43704253,0.33900288,0.3677171,0.2189611,0.31599608
132,0.62538993,0.2674415,1.1320667,1.5732329,0.491288,0.80823636,0.44127193,0.33655465,0.3800787,0.204581,0.3006398
133,0.5300738,0.2729906,1.1502815,1.5918016,0.51414716,0.810079,0.5485203,0.34892535,0.37120992,0.21608339,0.3005681
134,0.59416175,0.27262187,1.1439407,1.5884194,0.5365249,0.94034165,0.45169625,0.35479295,0.38003862,0.20313694,0.30248204
135,0.55553496,0.28453133,1.1545038,1.7055936,0.53684145,0.8082367,0.4640412,0.3527275,0.3769733,0.20477971,0.3014539
136,0.61620575,0.28309926,1.15138,2.187538,0.5085968,0.8111254,0.44961345,0.34004745,0.3688064,0.21843536,0.31486243
137,0.66731703,0.28797892,1.1338401,1.7135434,0.51301616,0.79134405,0.44860408,0.33917296,0.38209942,0.20422706,0.2983244
138,0.55022836,0.288782,1.1594551,1.7098292,0.5351461,0.8212732,0.56316316,0.3503298,0.3702323,0.21486618,0.2998418
139,0.62469065,0.28927234,1.1825414,1.7485986,0.5728153,0.95095694,0.46291915,0.3584632,0.38275376,0.20077479,0.30169085
140,0.5813009,0.30537438,1.1662611,1.8212461,0.5579971,0.798499,0.46810016,0.35287383,0.3776583,0.2049662,0.29974544
141,0.6269287,0.29797712,1.1528941,2.227214,0.5291363,0.8166236,0.45736152,0.3390473,0.3680977,0.21669891,0.3128542
142,0.672224,0.29969567,1.1321738,1.7551917,0.52483225,0.7902586,0.4531958,0.33681244,0.37896144,0.20233364,0.295692
143,0.5561455,0.30564338,1.1708498,1.7769204,0.5619229,0.8350313,0.5739894,0.34851754,0.36593473,0.21344687,0.29673982
144,0.6405722,0.3078223,1.1705741,1.8066157,0.5881029,0.9232463,0.46326798,0.35577145,0.38035858,0.19990757,0.29811475
145,0.5745573,0.30570891,1.151273,1.8067054,0.5574558,0.7957162,0.46854153,0.3525572,0.37515128,0.20342308,0.29863885
146,0.6631357,0.3056929,1.1754898,2.377545,0.5317348,0.79903704,0.45442536,0.3460189,0.3756511,0.21713135,0.31165254
147,0.66783804,0.30345067,1.1628711,1.7973078,0.5415313,0.8114499,0.46018243,0.33754393,0.37999055,0.20149487,0.29733118
148,0.5660888,0.3101612,1.1496725,1.7905176,0.5616217,0.79452574,0.56382024,0.3474896,0.3642456,0.21292835,0.29318032
149,0.6698966,0.31842607,1.1494379,1.8379613,0.5828577,0.8937651,0.4507889,0.35523787,0.38160107,0.20120956,0.29667485
150,0.57095754,0.3021695,1.1624833,1.7960662,0.5559219,0.79999155,0.46801782,0.35335055,0.37585014,0.20420396,0.29971516
151,0.63796544,0.29759905,1.1437751,2.314573,0.521256,0.78931236,0.44756943,0.33970135,0.36986053,0.21710354,0.30945867
152,0.6635249,0.28984773,1.142309,1.7366607,0.51774913,0.8040775,0.4530554,0.3382044,0.38084957,0.2029348,0.298201
153,0.5591532,0.29936013,1.145296,1.7269413,0.54283804,0.7912987,0.55989367,0.34797713,0.36736757,0.21549645,0.2958494
154,0.6526585,0.30825698,1.1393058,1.7859695,0.57322884,0.89980227,0.455819,0.35484597,0.37922883,0.20036624,0.2968053
155,0.55985427,0.29390788,1.1454656,1.7311288,0.54532456,0.7917056,0.46314174,0.35276088,0.37476844,0.20409445,0.29929662
156,0.6335492,0.29259104,1.1697651,2.2607417,0.521144,0.8090041,0.45082024,0.3436707,0.37266934,0.21808372,0.31408536
157,0.6608252,0.2887119,1.1390213,1.7292209,0.5131707,0.792104,0.44862205,0.3385391,0.38124606,0.20392941,0.29805908
158,0.546892,0.28868955,1.1229377,1.6553952,0.52494794,0.7753331,0.5511183,0.3467363,0.36724675,0.21607037,0.2955431
159,0.6426651,0.2914572,1.149285,1.7344202,0.5503529,0.90291125,0.449123,0.35512203,0.38246486,0.20459452,0.30053395
160,0.5532404,0.27780354,1.1229903,1.6381445,0.5151542,0.77319825,0.44997224,0.3506552,0.37759784,0.20802255,0.3004688
161,0.60113144,0.2741323,1.1475348,2.0998952,0.49954888,0.8097866,0.44176903,0.3402736,0.36947086,0.21805905,0.3151361
162,0.6418596,0.27505794,1.1196195,1.6182343,0.4950572,0.7899498,0.4401628,0.33747306,0.3805166,0.20556717,0.2993885
163,0.5276203,0.27245194,1.118711,1.5788023,0.50426626,0.7973995,0.54636604,0.34686592,0.36887634,0.21595474,0.29935554
164,0.6210764,0.28678954,1.1428658,1.6662452,0.5543314,0.91679174,0.449179,0.35437623,0.38018063,0.20183843,0.2993914
165,0.5323833,0.2601238,1.1211109,1.5368625,0.4945875,0.7794473,0.4426847,0.34823468,0.37874207,0.20925336,0.30300656
166,0.58840454,0.25926346,1.1096606,1.9813983,0.47068992,0.7924782,0.43208078,0.33950835,0.36915943,0.21948561,0.31581867
167,0.6188196,0.25839144,1.1083373,1.5271701,0.47139505,0.7787936,0.42697212,0.33677703,0.3811768,0.20705481,0.3006178
168,0.5068168,0.25628653,1.0779594,1.4499909,0.47907248,0.7674541,0.52917176,0.34317893,0.36479148,0.2169477,0.29735702
169,0.59252185,0.2587282,1.0913577,1.4896002,0.4987147,0.8794133,0.42576313,0.351102,0.3788609,0.20519452,0.30061686
170,0.5205317,0.2496335,1.0758697,1.4502182,0.47103545,0.7454621,0.42843086,0.3462228,0.377145,0.21019287,0.3015406
171,0.56697935,0.24460874,1.0792823,1.8390977,0.44483197,0.7705226,0.41508004,0.33648354,0.3676972,0.22065872,0.31450146
172,0.6124883,0.2504696,1.0593457,1.4326866,0.4501731,0.7470708,0.4150531,0.3339634,0.37783784,0.2065871,0.29806015
173,0.49181214,0.24647751,1.0622678,1.375811,0.4619739,0.759897,0.51996577,0.34153515,0.36448205,0.21793854,0.29807833
174,0.58503205,0.25620458,1.0745641,1.4559299,0.49074307,0.8664164,0.4203681,0.3490382,0.37786233,0.20615856,0.3001761
175,0.49069366,0.23298074,1.0376815,1.3029157,0.43821374,0.72259146,0.41116402,0.3428897,0.3746736,0.21192974,0.3011483
176,0.5503042,0.22609791,1.0191809,1.665213,0.40339577,0.7196064,0.38780153,0.33653808,0.36970878,0.22273245,0.31118906
177,0.5772087,0.22546755,1.0256107,1.271625,0.40945205,0.7311257,0.39463693,0.33303788,0.37877086,0.21082386,0.3011548
178,0.47629014,0.23135811,1.034286,1.2811463,0.43366164,0.74604696,0.5024228,0.34110025,0.3663,0.21894991,0.29988548
179,0.555227,0.23502856,1.030765,1.3027127,0.4502478,0.8462774,0.40199474,0.34586826,0.3759755,0.20869455,0.30086502
180,0.44661492,0.1975031,0.98617613,1.0856923,0.38453674,0.7065364,0.38731498,0.33799407,0.37448883,0.21456948,0.30391547
181,0.49789524,0.19484329,0.9973606,1.3944855,0.36379844,0.71979463,0.36984769,0.33619255,0.36892307,0.22542824,0.31677842
182,0.5595022,0.20476435,0.98650557,1.1575782,0.36833718,0.6888896,0.36914033,0.33401722,0.3825412,0.21754545,0.30327576
183,0.4500035,0.20563842,0.97758615,1.1164656,0.38484222,0.7029459,0.46678096,0.33811492,0.36832413,0.22189079,0.30170453
184,0.53943896,0.21756531,0.98544264,1.184417,0.41153863,0.8014423,0.3828823,0.3417831,0.37436622,0.21370535,0.30145907
185,0.4205547,0.18256564,0.93006605,0.95372725,0.3521686,0.6653216,0.36550903,0.33231437,0.37029237,0.21696092,0.30231693
186,0.47842658,0.18433523,0.9401202,1.2623794,0.33845174,0.6758609,0.34980735,0.33081052,0.365497,0.22668442,0.31242847
187,0.5135422,0.19082065,0.91358614,0.99363655,0.34519395,0.6612928,0.3528536,0.3238876,0.37114742,0.21589355,0.2986787
188,0.41361699,0.18364035,0.937385,0.9598883,0.3500196,0.68597305,0.43985522,0.33388463,0.36477032,0.22363429,0.30217195
189,0.48448193,0.19146056,0.9280151,0.9932602,0.3670594,0.77131546,0.36040086,0.33422944,0.36902097,0.21502727,0.3016725
190,0.38893333,0.16660114,0.86405736,0.8287961,0.3192343,0.6257281,0.34257346,0.3252441,0.3661409,0.21910313,0.30036244
191,0.43740615,0.16202621,0.86612284,1.0262452,0.29856762,0.6353471,0.32339454,0.32544222,0.36178482,0.2297857,0.31007442
192,0.45762062,0.1627163,0.8635455,0.8133426,0.2990885,0.6254188,0.3226001,0.32027066,0.36993203,0.22103097,0.30085793
193,0.39762542,0.16603278,0.88638705,0.85008574,0.3141407,0.64507776,0.40541768,0.33143348,0.368933,0.22781351,0.3041654
194,0.4601981,0.17228821,0.85946774,0.8552905,0.32075173,0.7061798,0.32803443,0.3290819,0.36796266,0.22025923,0.30099708
195,0.3733341,0.15354954,0.8142318,0.7344115,0.28963393,0.58819014,0.32332024,0.3192578,0.36589897,0.22234513,0.2995416
196,0.42375886,0.14869161,0.8236038,0.908248,0.2695464,0.59058005,0.30174252,0.3272487,0.36592507,0.23230252,0.30752674
197,0.4429799,0.1560849,0.81982195,0.7509568,0.28225407,0.59355336,0.3091935,0.31759405,0.36810893,0.22157234,0.29842448
198,0.39801627,0.15695696,0.8531492,0.7942973,0.28996915,0.5946724,0.37932274,0.3319164,0.37566876,0.23130146,0.30449912
199,0.4277574,0.16139713,0.8206168,0.76844025,0.30082306,0.67609495,0.31561288,0.32265472,0.3625868,0.22055712,0.29946172
200,0.38533747,0.15568203,0.8141049,0.7573833,0.29267302,0.57274514,0.32334137,0.3191216,0.36697716,0.22381778,0.29845816
201,0.4089313,0.14641428,0.8013765,0.86883026,0.26540044,0.58290833,0.29725507,0.32180026,0.3610159,0.23161705,0.3060547
202,0.43853414,0.14683944,0.80951583,0.72237146,0.26529112,0.5897446,0.30216208,0.3196881,0.37206224,0.22542237,0.30179626
203,0.3784473,0.15135063,0.8142709,0.74122834,0.27639794,0.57981706,0.3677715,0.32725257,0.3683059,0.23058662,0.3016818
204,0.43172812,0.160345,0.8121957,0.7629588,0.2947753,0.6683922,0.31206366,0.32338142,0.36378106,0.22373751,0.30006385
205,0.38138878,0.15542905,0.8143681,0.75199074,0.29202834,0.5734668,0.32132998,0.3183646,0.3671502,0.22418074,0.29839075
206,0.41958684,0.15332483,0.80032057,0.9141815,0.27411786,0.5802592,0.30156407,0.31975234,0.35897055,0.23071311,0.30278623
207,0.4537402,0.15631111,0.81571597,0.76858026,0.27963677,0.58859545,0.30900237,0.32041728,0.37118,0.22401676,0.29959962
208,0.3882134,0.15785672,0.82034004,0.7744253,0.28567034,0.5810616,0.37604523,0.32630882,0.36838996,0.23031403,0.30020896
209,0.43933097,0.16028887,0.82755625,0.77973497,0.2979212,0.6826257,0.3156868,0.32433692,0.36635345,0.22502087,0.3022088
210,0.37351394,0.14820126,0.79900604,0.7089145,0.27717724,0.5680281,0.3134874,0.3171876,0.36929604,0.22578102,0.29958785
211,0.42129037,0.15032518,0.7965824,0.8918508,0.26660138,0.5655124,0.29436693,0.32165486,0.36157992,0.23133698,0.30177963
212,0.44246322,0.1545229,0.7810754,0.72597003,0.269849,0.55770504,0.2978492,0.31617537,0.3675078,0.22480005,0.29582918
213,0.37503585,0.14998586,0.79356366,0.7243393,0.27034283,0.5615454,0.35989922,0.32415903,0.366877,0.23179917,0.29965073
214,0.4274205,0.15881656,0.7885745,0.7415139,0.28608748,0.63241595,0.301968,0.31853428,0.3606889,0.22321638,0.29752976
215,0.37888744,0.14918895,0.7859189,0.70943916,0.2728575,0.55058116,0.3102398,0.3160349,0.3703154,0.22686027,0.29883674
216,0.40793777,0.14409752,0.7764026,0.835253,0.25613895,0.5567573,0.28695336,0.3210076,0.3615567,0.23210964,0.30167344
217,0.42865166,0.14921698,0.7747354,0.69396126,0.26612258,0.5627659,0.29646423,0.31418434,0.3651274,0.2234777,0.29612878
218,0.36756936,0.14607921,0.78088045,0.6935275,0.2647149,0.55330473,0.35394678,0.32233787,0.36448872,0.23129277,0.29831684
219,0.4269326,0.1540696,0.7955572,0.72601265,0.28105313,0.6422108,0.30124465,0.32104096,0.3636355,0.2274512,0.30031735
220,0.36040238,0.14069887,0.7401349,0.6393447,0.25426957,0.5302928,0.30018088,0.31202593,0.36537796,0.22747499,0.29748416
221,0.40244216,0.14036393,0.7495455,0.79079247,0.24451298,0.53115946,0.27668616,0.31957877,0.36120045,0.23331423,0.29816005
222,0.40910125,0.13895157,0.7279407,0.6231981,0.242327,0.5238736,0.2768914,0.31199822,0.3647406,0.22707939,0.29487205
223,0.35674995,0.14149877,0.74936795,0.65543795,0.25359595,0.53082,0.33818704,0.31851968,0.36014718,0.23287094,0.29631275
224,0.4150466,0.14719999,0.76668304,0.68546706,0.2653944,0.6071421,0.28911853,0.31604582,0.36135918,0.2303655,0.29942712
225,0.34266606,0.13047421,0.71529204,0.5791118,0.23924385,0.5020517,0.28334048,0.3068703,0.36485574,0.23168209,0.29646277
226,0.376749,0.12869139,0.7049881,0.68068457,0.22379369,0.50432444,0.26098904,0.31486502,0.3586813,0.2353209,0.29656154
227,0.37972862,0.1292525,0.70264053,0.55968606,0.2283578,0.5119896,0.2669427,0.3074793,0.36025468,0.22881222,0.2945679
228,0.3347473,0.12740995,0.7243121,0.57314,0.23104417,0.5205242,0.32054183,0.31622478,0.3612671,0.23398966,0.29865617
229,0.37275928,0.13486023,0.72494584,0.5860434,0.24414653,0.58675647,0.27515742,0.30971402,0.35481107,0.22847271,0.2975907
230,0.33178538,0.12750916,0.6927348,0.54897684,0.23062304,0.49234524,0.2778769,0.30395186,0.36082467,0.23093224,0.29540524
231,0.36384022,0.12353376,0.69387734,0.6394148,0.21722397,0.49783704,0.25578052,0.3117035,0.35593084,0.23566963,0.2958413
232,0.37973228,0.12393545,0.69399375,0.5421991,0.21706532,0.503059,0.25952256,0.31057084,0.36470947,0.23365319,0.29737094
233,0.33932778,0.12873206,0.7169918,0.5775209,0.2301421,0.5065258,0.31596974,0.31621677,0.3620874,0.23555695,0.29735944
234,0.36674434,0.13412334,0.7002353,0.5629438,0.23605186,0.5687122,0.27099648,0.3071035,0.35146278,0.22684832,0.29506317
235,0.3409989,0.13163985,0.70193785,0.57306314,0.23645225,0.4917447,0.279904,0.30471194,0.36300266,0.23168351,0.2950674
236,0.37312776,0.12744027,0.7139959,0.674803,0.22532134,0.5137542,0.26341572,0.3158909,0.35891324,0.23510253,0.2985436
237,0.38859993,0.13150519,0.7016132,0.5670493,0.22863331,0.51095647,0.26800343,0.30923137,0.36202538,0.22970657,0.2950952
238,0.33481622,0.12928163,0.708855,0.5737165,0.23096645,0.50491977,0.31704766,0.3140779,0.3573472,0.23412031,0.29482543
239,0.38775358,0.13768901,0.71255934,0.5989358,0.24164665,0.5676998,0.27098754,0.3091518,0.35589826,0.22979878,0.29636356
240,0.34133062,0.12891003,0.7039763,0.56939864,0.23555288,0.49274194,0.27985802,0.30505,0.36399287,0.23251438,0.2956486
241,0.3678354,0.12668008,0.6925948,0.65610963,0.22118342,0.50089645,0.25933912,0.31191197,0.35547492,0.23519932,0.29548016
242,0.39100417,0.13097611,0.69755507,0.57384914,0.22634289,0.49538514,0.2620084,0.3097605,0.3633851,0.23209825,0.29426494
243,0.3307145,0.1260628,0.7084732,0.56116074,0.22674173,0.5073512,0.3137772,0.31464085,0.3591604,0.23394592,0.29704058
244,0.38404396,0.13682257,0.7180486,0.59868777,0.24255726,0.57780874,0.27398074,0.3104072,0.35646576,0.23145817,0.2975622
245,0.34920067,0.13272236,0.72661394,0.59999186,0.24346153,0.5075,0.2866217,0.30760407,0.3661271,0.23094606,0.29688007
246,0.37400842,0.12926054,0.7147833,0.688122,0.22753704,0.51476914,0.26365393,0.31443015,0.35747418,0.23451477,0.29781598
247,0.39566764,0.13210544,0.7162399,0.58821225,0.23140919,0.5147337,0.2688317,0.3111492,0.36483088,0.23053025,0.29612327
248,0.33597854,0.13092887,0.70235366,0.5817871,0.23389177,0.5047663,0.31864327,0.31268272,0.354831,0.23272628,0.29373083
249,0.39502433,0.14343013,0.72083354,0.62516594,0.24964443,0.57281715,0.27636743,0.30982143,0.35525006,0.22813626,0.2951095
250,0.3567469,0.13958076,0.7470975,0.6358948,0.2543622,0.52476716,0.29545447,0.31063703,0.36578467,0.22949973,0.29719844
251,0.38800704,0.13504298,0.7329409,0.7421423,0.23692413,0.52398956,0.27071503,0.3178128,0.36024356,0.23361355,0.29823595
252,0.398427,0.13577297,0.7354701,0.60291,0.24011354,0.5307759,0.27572927,0.3108187,0.36385384,0.22705884,0.2958454
253,0.35578486,0.13773978,0.7375993,0.63357735,0.24375011,0.5150999,0.33078316,0.31875703,0.3643994,0.23342071,0.2967641
254,0.38763836,0.14209338,0.7375104,0.62506217,0.25646338,0.6054233,0.2858902,0.31307638,0.3561442,0.22668912,0.29706368
255,0.36457366,0.14348839,0.7498247,0.66052735,0.25867507,0.52019584,0.2964378,0.31055713,0.36692283,0.22931793,0.29669526
256,0.40173888,0.14051412,0.74578214,0.78426087,0.24502951,0.52435946,0.27456418,0.31812513,0.36069354,0.23367584,0.29671392
257,0.42096072,0.14198472,0.74001867,0.65012956,0.24568076,0.52243197,0.27876142,0.31398538,0.36686403,0.22852321,0.29540062
258,0.35954967,0.14189672,0.7561074,0.66180724,0.25391713,0.5374753,0.3436255,0.3203083,0.36232024,0.23126267,0.29751706
259,0.42323232,0.15527791,0.7642621,0.71085936,0.2737876,0.6084188,0.294883,0.31654122,0.3594078,0.22709225,0.29698613
260,0.37413505,0.14876185,0.7684934,0.6968278,0.2704791,0.5372712,0.30524597,0.31381026,0.36731565,0.2264129,0.29640687
261,0.42364678,0.1505928,0.7914199,0.89523757,0.26520577,0.56453896,0.29522735,0.3233835,0.36332986,0.23117276,0.3019617
262,0.43790063,0.15091142,0.7656666,0.70314515,0.26272425,0.5424095,0.290632,0.31510067,0.3673079,0.22610517,0.29499686
263,0.37137493,0.14964156,0.78237045,0.70727134,0.26846528,0.55060405,0.35691276,0.32214475,0.36248356,0.23075238,0.29657814
264,0.43488288,0.16006026,0.7892886,0.7494657,0.2855298,0.6306991,0.30260226,0.3195467,0.36203927,0.22627896,0.29822162
265,0.37879905,0.15530801,0.7806775,0.7233301,0.28206438,0.5536704,0.31583813,0.3151455,0.36381876,0.22373554,0.2960343
266,0.42183876,0.15219109,0.79886544,0.9045383,0.2708161,0.56824756,0.29555,0.32052162,0.36098358,0.2307708,0.30112937
267,0.44537103,0.15569557,0.7867816,0.73578805,0.27276772,0.55700356,0.29818407,0.31649634,0.367551,0.22428522,0.29571298
268,0.3686806,0.15170561,0.77119493,0.7068963,0.2717487,0.54865015,0.35829937,0.31909475,0.3585591,0.22960061,0.29431373
269,0.44106022,0.16518028,0.7822354,0.76181567,0.28789985,0.61666435,0.30164433,0.31757057,0.3597068,0.22353822,0.29521027
270,0.38017377,0.15505269,0.8092051,0.74871844,0.29292297,0.5769851,0.32239488,0.3183904,0.36575413,0.22223954,0.2976773
271,0.42900914,0.1536153,0.78967315,0.9167393,0.26935202,0.5576389,0.29458335,0.3214303,0.3619954,0.23099895,0.29954013
272,0.45204943,0.15694402,0.79125565,0.7500631,0.27500716,0.56887573,0.30266118,0.31740484,0.36829922,0.22260575,0.29656544
273,0.3968,0.16048485,0.80895007,0.78391945,0.28347817,0.55488944,0.3682187,0.32640052,0.36813545,0.23118868,0.2973596
274,0.45112634,0.16899638,0.8041428,0.795944,0.29806384,0.6392439,0.30912113,0.32172507,0.36299628,0.22349533,0.29705957
275,0.3976725,0.16163154,0.8040575,0.77898437,0.2924287,0.5504643,0.31642938,0.31637853,0.3708849,0.22538416,0.29666823
276,0.4309169,0.15608597,0.7957979,0.9305571,0.27356124,0.56261957,0.29592183,0.32128343,0.36171943,0.230643,0.2994454
277,0.4617144,0.16024257,0.7928431,0.7632311,0.2781112,0.5543171,0.29950178,0.31893688,0.37096488,0.2257836,0.29596752
278,0.38854188,0.15907578,0.8048616,0.76831925,0.2836029,0.5613157,0.37006593,0.3250172,0.36609164,0.23065299,0.29739854
279,0.45734483,0.17126152,0.80626,0.8154746,0.3027445,0.63736176,0.31004766,0.32096907,0.36259994,0.22371903,0.29655868
280,0.3842483,0.15941168,0.788195,0.75282335,0.29182434,0.5492129,0.3158008,0.31459838,0.36441994,0.2240653,0.29492217
281,0.42353547,0.1524704,0.76872414,0.88356626,0.26301223,0.5363001,0.28620738,0.31931478,0.36092484,0.23116413,0.2952978
282,0.44785553,0.15510327,0.7837772,0.7336126,0.27095804,0.5581925,0.2994212,0.31708726,0.3682017,0.22511834,0.2960627
283,0.3778843,0.15477918,0.79291975,0.7394649,0.2776572,0.5622592,0.3670037,0.32279775,0.3639389,0.22942147,0.2971467
284,0.45401514,0.17214988,0.80769515,0.814715,0.30499318,0.6364628,0.3108516,0.32101798,0.36220154,0.22310548,0.29636836
285,0.3882269,0.15843827,0.8003862,0.75729394,0.28870574,0.5531509,0.31621888,0.31592894,0.36742568,0.22525322,0.29660892
286,0.4127114,0.14851391,0.78776413,0.86863077,0.2645634,0.5611976,0.29054862,0.32082084,0.36130467,0.230996,0.30132127
287,0.4485437,0.15654743,0.7633424,0.72289443,0.26700035,0.5444252,0.2940908,0.31614858,0.36746934,0.22413158,0.2943663
288,0.38100946,0.15370728,0.7891113,0.7362363,0.27390435,0.5527996,0.36188617,0.32330582,0.36440894,0.23088714,0.29707924
289,0.4337941,0.16306603,0.7831827,0.7485052,0.28894883,0.62649244,0.30224857,0.31795675,0.36057365,0.22483231,0.29638574
290,0.37259373,0.14752918,0.7722691,0.6950081,0.2727762,0.54844385,0.30937168,0.31447577,0.36706027,0.22596425,0.29765445
291,0.40592942,0.14498812,0.76686496,0.828697,0.25584185,0.54340166,0.28259927,0.31767794,0.35936314,0.23255578,0.29874605
292,0.4230174,0.14515753,0.7610063,0.6638199,0.25509912,0.5476807,0.28774273,0.3142486,0.36620894,0.22604743,0.29647404
293,0.36863968,0.14684525,0.76778036,0.69037414,0.26322928,0.5413486,0.3508557,0.32086197,0.36273348,0.23125206,0.29674473
294,0.41875824,0.15632577,0.7846712,0.7175896,0.28319404,0.63506395,0.30111745,0.31765282,0.3593756,0.22450347,0.29739088
295,0.37058684,0.14827809,0.7609582,0.68448454,0.2668446,0.52662474,0.30068034,0.3108342,0.36736688,0.22816247,0.29606375
296,0.4031993,0.1430594,0.75543284,0.8070797,0.25128457,0.5333985,0.2787613,0.31849068,0.36019593,0.23290499,0.2975525
297,0.41089535,0.14323993,0.7612852,0.6525407,0.25718117,0.5569268,0.28952843,0.31159595,0.3628048,0.22346354,0.2958733
298,0.36799672,0.14460072,0.7555528,0.6769609,0.25714454,0.52662337,0.34307995,0.32032263,0.36349228,0.23136576,0.29572898
299,0.4173317,0.15400796,0.75643533,0.69374907,0.2713107,0.59941685,0.29052553,0.3149532,0.3581675,0.22547852,0.29572812
300,0.36782432,0.14469942,0.77080566,0.67643857,0.2694988,0.5440063,0.30684936,0.3142177,0.3667646,0.226421,0.2973628
301,0.40611467,0.14127189,0.751409,0.7981671,0.24636345,0.5268664,0.2758502,0.32070082,0.3630055,0.23371258,0.29715753
302,0.430477,0.14448021,0.74505496,0.66672546,0.24908872,0.5263343,0.28060547,0.31565255,0.36851376,0.23001839,0.29624438
303,0.3711973,0.14766055,0.7607914,0.6892223,0.26081142,0.52696794,0.34358937,0.32027665,0.3641028,0.23291317,0.29597718
304,0.4169761,0.15332091,0.7704396,0.6979863,0.27419457,0.6238463,0.296506,0.3177678,0.35983846,0.22453988,0.2971458
305,0.38448116,0.14932962,0.77903914,0.71190107,0.2715607,0.53051084,0.3046915,0.31405175,0.3714883,0.2289518,0.2973164
306,0.4203653,0.14876553,0.78104097,0.87527347,0.2611832,0.549636,0.28860348,0.32224283,0.36280164,0.2319669,0.29953393
307,0.44385636,0.15259129,0.7745661,0.7116475,0.2633439,0.5446844,0.29115897,0.317255,0.36976364,0.22631334,0.29596442
308,0.38198417,0.15152834,0.7732164,0.72254974,0.2665995,0.5308942,0.35177833,0.3228513,0.36551315,0.23225969,0.2956927
309,0.42504826,0.15912129,0.77836585,0.7329677,0.28470793,0.6231831,0.29970035,0.3172261,0.35952413,0.22317833,0.2961442
310,0.38286853,0.15286005,0.8086521,0.74284256,0.28427306,0.5719313,0.31895387,0.31909108,0.37023696,0.22568113,0.29993197
311,0.41900688,0.15152307,0.79351896,0.8992106,0.27023175,0.57737416,0.29958323,0.32037997,0.359325,0.23095246,0.30294123
312,0.44855964,0.15577416,0.78877234,0.7403704,0.27456886,0.5606118,0.29858232,0.31671318,0.36779273,0.22371654,0.29587662
313,0.37132505,0.14886026,0.79269564,0.70743674,0.2704913,0.56380916,0.3613495,0.32317942,0.36400208,0.23033573,0.29838794
314,0.43916434,0.16290258,0.7958985,0.76797503,0.2902996,0.6339646,0.30717036,0.3203489,0.3612787,0.225257,0.29774624
315,0.37514263,0.1481934,0.7938702,0.70922667,0.27871436,0.567168,0.31590036,0.317861,0.36881953,0.22506951,0.29917866
316,0.42049682,0.1528338,0.8176382,0.91861033,0.2750653,0.58885676,0.3016163,0.32141152,0.3604439,0.23086208,0.30470103
317,0.4312555,0.14966094,0.81292933,0.7189718,0.2722007,0.59379846,0.30424094,0.31717074,0.36837333,0.22404003,0.30031538
318,0.3725759,0.15435828,0.80101836,0.74182856,0.28252944,0.57152265,0.36895216,0.32271293,0.35926285,0.22904749,0.29670408
319,0.43442723,0.16294113,0.81600416,0.76647,0.29776537,0.6654167,0.31109726,0.32264125,0.36357936,0.22290654,0.299162
320,0.3610492,0.14460436,0.82640946,0.7007199,0.28177518,0.6038691,0.32143363,0.32017335,0.36636978,0.22300664,0.30226734
321,0.41649523,0.14737782,0.8329459,0.90054625,0.27073154,0.60867566,0.3065526,0.32542914,0.36278832,0.23198593,0.3108033
322,0.42627433,0.14829175,0.809005,0.71338636,0.2724662,0.6060887,0.30860046,0.3158883,0.36611766,0.2216298,0.30033275
323,0.37875953,0.15540332,0.83545583,0.7612088,0.29024467,0.6059253,0.3830057,0.32627046,0.3652532,0.22829586,0.30112278
324,0.41558364,0.15513147,0.81399935,0.73407495,0.29368085,0.69145674,0.31638196,0.32328513,0.36236113,0.22206122,0.3011407
325,0.35874268,0.15090345,0.8376796,0.7265781,0.2963221,0.633821,0.33374783,0.32213336,0.36179543,0.21818455,0.30152965
326,0.40168774,0.14565817,0.8467045,0.88670397,0.27708516,0.63940275,0.31441814,0.32223943,0.35862353,0.23057827,0.31466633
327,0.43663403,0.15238091,0.8555834,0.7625124,0.28700316,0.63588,0.32042494,0.3194047,0.36872458,0.22158372,0.3032831
328,0.3583516,0.14825563,0.8565326,0.7269789,0.28995305,0.64770347,0.38929474,0.32588908,0.36055365,0.22722015,0.30410197
329,0.41269958,0.15285797,0.85329056,0.74981123,0.30358478,0.7350906,0.32490158,0.3276724,0.36654994,0.22109348,0.3051754
330,0.35278404,0.14213748,0.8373233,0.69269425,0.28621832,0.6400183,0.33097038,0.32388175,0.36415288,0.2191391,0.30430806
331,0.4091832,0.14327866,0.85053146,0.88613653,0.27008095,0.62663287,0.30770347,0.32687232,0.3639539,0.23210269,0.31504962
332,0.42370787,0.14721757,0.8322647,0.7231894,0.277189,0.63458663,0.31557134,0.31706533,0.36669892,0.22008747,0.30308214
333,0.35750815,0.14233284,0.8366745,0.69505763,0.2725558,0.62557024,0.37296563,0.32745528,0.36709586,0.23010375,0.30713406
334,0.3891919,0.14580363,0.83276105,0.69540614,0.29195935,0.7391782,0.32243875,0.32454288,0.36227784,0.21798511,0.30421337
335,0.33345845,0.13333622,0.8214969,0.6371675,0.27495974,0.6387368,0.32431647,0.32103348,0.36035147,0.21912846,0.30447188
336,0.39432263,0.14184831,0.8357667,0.8505082,0.2698608,0.6387291,0.3124652,0.3209718,0.35705194,0.23112701,0.3161298
337,0.39941722,0.13751441,0.81694764,0.6627835,0.2641132,0.63114965,0.30904835,0.3145695,0.36454815,0.22057477,0.30367145
338,0.34736553,0.14026697,0.8270844,0.67575717,0.27244714,0.6316279,0.37223598,0.3245866,0.36224762,0.22923498,0.30584636
339,0.39637387,0.14416309,0.81849366,0.68782824,0.28129086,0.7083795,0.31420717,0.32404533,0.36316955,0.22350673,0.3046177
340,0.3324187,0.12964015,0.8052208,0.6161727,0.26356256,0.6283952,0.31947768,0.31907457,0.3615355,0.22069862,0.3050352
341,0.37291977,0.13419932,0.8176769,0.7751121,0.25910446,0.6257775,0.30097768,0.3173392,0.35455838,0.23125736,0.31607547
342,0.39357793,0.13356481,0.81488526,0.6445144,0.256593,0.6282364,0.30440104,0.31478015,0.36521965,0.22143672,0.3047743
343,0.33148682,0.13259159,0.82443637,0.63028216,0.26401836,0.6366394,0.3649322,0.32326996,0.36091918,0.22923625,0.30741814
344,0.38571808,0.139243,0.83617485,0.67703253,0.28344122,0.7389804,0.31895778,0.32494897,0.3637911,0.22309288,0.30709252
345,0.3259916,0.12946236,0.78421813,0.5965709,0.25867233,0.6059489,0.3116138,0.3159853,0.35858893,0.22098087,0.30246168
346,0.373151,0.13025531,0.800177,0.7436565,0.2483951,0.61006474,0.2938414,0.31948647,0.3571038,0.2331592,0.3152296
347,0.38650143,0.12992306,0.79840773,0.61693347,0.24788532,0.61712396,0.29686096,0.3145854,0.36581188,0.22462012,0.3056124
348,0.3256345,0.1310857,0.7956853,0.61430395,0.2576996,0.6154789,0.357183,0.3192923,0.35635826,0.22843325,0.30415288
349,0.36731777,0.134772,0.794888,0.6179274,0.26535454,0.698328,0.30377007,0.32078162,0.3605164,0.22254999,0.304855
350,0.33939484,0.13224255,0.78977585,0.62760377,0.26133773,0.59558153,0.31158647,0.31807035,0.36426002,0.22322735,0.30274504
351,0.36817622,0.12947528,0.7854758,0.72923696,0.24506725,0.60780907,0.29403943,0.31612602,0.35405415,0.23308372,0.31390586
352,0.38980305,0.13138545,0.78274447,0.6184379,0.2473447,0.5990088,0.29360378,0.3143522,0.3652514,0.22510724,0.3033568
353,0.33273548,0.1327007,0.80155206,0.6229559,0.25884154,0.60407346,0.35456154,0.32187575,0.35998565,0.22970133,0.30439025
354,0.3867182,0.14164524,0.7964531,0.6582431,0.27322584,0.67750186,0.3041484,0.31984237,0.36036932,0.22304581,0.30238292
355,0.33991218,0.13654771,0.7982136,0.6381123,0.26826406,0.6062646,0.3172193,0.318256,0.3611807,0.22121136,0.302409
356,0.37383363,0.13013035,0.80112994,0.7428868,0.24625045,0.6001943,0.28949234,0.32044777,0.35874882,0.23280269,0.31363353
357,0.39940286,0.1371688,0.7982689,0.65124786,0.258747,0.6136763,0.30234042,0.31395096,0.3641702,0.22196782,0.30265656
358,0.3477522,0.13888147,0.80644286,0.66068757,0.26516175,0.59924674,0.3614792,0.3236123,0.36166894,0.22918615,0.3029765
359,0.39752537,0.14577645,0.79508376,0.678518,0.2766616,0.67003936,0.304393,0.3214551,0.3610961,0.22448294,0.30196425
360,0.34590462,0.13811827,0.78608465,0.64198285,0.2687868,0.58635,0.3139381,0.3172453,0.36134407,0.2225871,0.30041018
361,0.3721533,0.13238749,0.7962421,0.7505129,0.2512203,0.6049265,0.29398763,0.31723797,0.35514978,0.23316546,0.3126946
362,0.397603,0.13614094,0.777914,0.6352601,0.25367993,0.5882689,0.29393908,0.3125457,0.36340323,0.22369221,0.30033863
363,0.35230523,0.13749723,0.79548126,0.6511123,0.25842574,0.5777262,0.35106382,0.32342464,0.3652297,0.23222837,0.30298272
364,0.38832498,0.1421613,0.78308684,0.650474,0.26960388,0.662688,0.3000836,0.3192772,0.36009225,0.22381443,0.30112797
365,0.33673072,0.13115896,0.76137143,0.60045195,0.25316012,0.56478095,0.30146608,0.31340808,0.36161393,0.22489682,0.30015343
366,0.37791228,0.13030936,0.77814513,0.7374742,0.24060592,0.57200956,0.28152454,0.31981537,0.3596884,0.23353685,0.30889273
367,0.38861394,0.13065769,0.77510774,0.60584867,0.24402674,0.59108156,0.290351,0.31323075,0.3649266,0.22524016,0.30313686
368,0.32986084,0.12726632,0.75635046,0.58345205,0.24128082,0.5639588,0.33449546,0.31800845,0.35991052,0.23160239,0.30217665
369,0.36364815,0.12963264,0.74978274,0.57960886,0.24726723,0.63256866,0.28313535,0.31442645,0.358168,0.2274074,0.30212536
370,0.31016812,0.11804761,0.7197418,0.5173912,0.22776997,0.53909403,0.2826829,0.30714756,0.35960144,0.22844623,0.30052856
371,0.3418684,0.11679259,0.71584696,0.60291094,0.21638685,0.55133146,0.26629287,0.31207228,0.3526778,0.23555094,0.30846927
372,0.36642402,0.122585945,0.70662445,0.5404813,0.22190803,0.5361838,0.269899,0.3074423,0.359713,0.22772886,0.2984505
373,0.31773612,0.12143319,0.73585963,0.5446315,0.2283166,0.5538654,0.32367215,0.31654415,0.3580871,0.2329224,0.30245087
374,0.33676517,0.12109299,0.7050953,0.50983727,0.22651958,0.60647774,0.27242228,0.30952346,0.35302174,0.22812845,0.30060634
375,0.29176214,0.1088656,0.67066574,0.45158085,0.2080571,0.5062864,0.26725617,0.30165395,0.3541942,0.22956793,0.29795665
376,0.31510156,0.106195554,0.6657639,0.5029216,0.19571093,0.5166814,0.24855393,0.3069219,0.3489627,0.23773181,0.30489993
377,0.3326401,0.10994329,0.6735218,0.46056175,0.20162228,0.515546,0.2532736,0.30341694,0.35703236,0.23110558,0.29876202
378,0.2910085,0.10802713,0.6780603,0.4579811,0.20296954,0.51570976,0.29293904,0.30938783,0.3555162,0.23570351,0.30171093
379,0.319024,0.11370912,0.6763633,0.46289557,0.21246684,0.5788704,0.25899455,0.30463475,0.35019985,0.22928905,0.29967773
380,0.29212478,0.10730363,0.6796034,0.45395455,0.20797625,0.51639843,0.26834956,0.30326012,0.3580143,0.23071392,0.30048743
381,0.30258805,0.10159332,0.6436402,0.45872366,0.18684265,0.49484962,0.23740566,0.30446,0.34807563,0.23843521,0.3023534
382,0.3268243,0.10805128,0.6726633,0.4473681,0.1983398,0.52125216,0.25258264,0.30342317,0.3568745,0.23077631,0.30040962
383,0.29681623,0.108087026,0.6881496,0.46520805,0.20267761,0.5110936,0.29056805,0.31239682,0.3611705,0.23758219,0.3039647
384,0.3201173,0.11212458,0.6582028,0.45255715,0.20452103,0.55066466,0.25247294,0.30319846,0.3495692,0.23297288,0.298889
385,0.28192702,0.10386032,0.66291595,0.4272468,0.20115224,0.50367063,0.26209486,0.30138388,0.35474265,0.23123555,0.2993746
386,0.3106664,0.10460926,0.6531884,0.4853048,0.19132519,0.50091636,0.24220964,0.30551922,0.3484255,0.2380035,0.30253115
387,0.3174233,0.10482088,0.66659087,0.434301,0.1964687,0.5169482,0.24977869,0.30107448,0.35457993,0.23098858,0.29947484
388,0.28866836,0.1057246,0.6733344,0.444849,0.19875301,0.5095728,0.28906238,0.30929747,0.35562736,0.23668118,0.3019502
389,0.30834362,0.107921354,0.659556,0.43266815,0.20166138,0.56459373,0.25213882,0.303356,0.3491429,0.23216185,0.30015853
390,0.2807759,0.10403017,0.6541292,0.4229773,0.19776665,0.5000753,0.26068112,0.29980823,0.3548311,0.23217583,0.2994065
391,0.30572397,0.10053404,0.65499526,0.46630576,0.18600436,0.5011144,0.23874459,0.30725887,0.35077396,0.23969464,0.30501738
392,0.32008514,0.10499443,0.6617848,0.4338555,0.19379412,0.51721686,0.2500081,0.30166653,0.35495597,0.2318989,0.299907
393,0.2813561,0.1028034,0.6622612,0.42471775,0.19343391,0.5008776,0.2827796,0.3073248,0.35315627,0.2364297,0.30052254
394,0.30854714,0.10701189,0.6580143,0.43106627,0.1994744,0.56430596,0.25136697,0.3030851,0.3498802,0.23364905,0.3010178
395,0.2789741,0.101146124,0.6419709,0.407998,0.19241686,0.48432675,0.25448406,0.29786688,0.35532314,0.23472358,0.29895592
396,0.2926374,0.0966317,0.6325299,0.4283861,0.17885487,0.4877334,0.23089172,0.30418935,0.34902555,0.23973964,0.3036367
397,0.30160376,0.10002737,0.6415913,0.39779893,0.18544747,0.5010111,0.23978344,0.29731843,0.35175842,0.23159157,0.29862642
398,0.27829418,0.1007157,0.65543157,0.4175746,0.19106565,0.49274433,0.2755462,0.3065243,0.35514846,0.23790869,0.30213532
399,0.29520655,0.103445455,0.63117266,0.4002041,0.19036865,0.5438928,0.24371329,0.3000573,0.34652284,0.2321073,0.29883802
400,0.26375312,0.09796877,0.635371,0.38455817,0.19060902,0.49527863,0.2542238,0.297058,0.34784546,0.23012489,0.29825696
401,0.28581503,0.09452844,0.6122208,0.40630132,0.17306076,0.4766358,0.22733952,0.30060697,0.34506235,0.24025105,0.30188838
402,0.2957637,0.09785219,0.6143954,0.3785915,0.17957327,0.48655555,0.23543328,0.29535455,0.34907958,0.23168358,0.29673424
403,0.2590489,0.094536975,0.6281901,0.37313724,0.17989956,0.49143016,0.267628,0.3015923,0.3467123,0.23698682,0.29963806
404,0.29962507,0.10259931,0.63014054,0.4017134,0.18656541,0.5281903,0.23934677,0.29893512,0.34771892,0.23571865,0.29952312
405,0.2545908,0.09091696,0.5966595,0.34539127,0.17382213,0.45494425,0.23667006,0.29090005,0.34835678,0.23559038,0.29673016
406,0.26913837,0.08964167,0.58531904,0.36440554,0.16500053,0.4600627,0.21820086,0.29668245,0.34186256,0.24115723,0.2994178
407,0.28491643,0.09385416,0.59573126,0.35300577,0.17180485,0.46683055,0.22590809,0.29344514,0.3481147,0.23359333,0.29560578
408,0.25972554,0.09271864,0.6125522,0.36478823,0.17386584,0.47800264,0.26075307,0.30144116,0.34777054,0.2377211,0.29972157
409,0.27598086,0.09688534,0.59745866,0.3572809,0.17632519,0.50781214,0.22977825,0.29312915,0.34183553,0.23466,0.2968108
410,0.24108225,0.085332125,0.57123214,0.31365135,0.16360837,0.44761452,0.23002087,0.28734693,0.34476402,0.23663117,0.2964995
411,0.25564274,0.0848545,0.56367624,0.33034143,0.15672432,0.4449765,0.20951532,0.29160625,0.33821145,0.24219532,0.29823434
412,0.26310137,0.0846014,0.5691806,0.31182653,0.15612315,0.45401344,0.21423195,0.29078904,0.34646836,0.23704895,0.2972613
413,0.24651706,0.0873663,0.5726571,0.33220416,0.16238007,0.44640324,0.2440591,0.2954256,0.34408838,0.23925687,0.2974818
414,0.27468073,0.093822695,0.58454394,0.34521925,0.16853406,0.48940507,0.22343172,0.29149285,0.3420794,0.23836927,0.29718903
415,0.23660068,0.08350835,0.5476654,0.2979272,0.15832269,0.42888325,0.2230893,0.28383645,0.34153104,0.23620033,0.29384366
416,0.25437325,0.08331806,0.5584893,0.32337368,0.1533329,0.43786946,0.20628107,0.29181293,0.33892268,0.24301502,0.29707316
417,0.25720584,0.08410873,0.5601643,0.3022159,0.15569605,0.4446175,0.21051943,0.28812367,0.34395385,0.23639256,0.29540706
418,0.24123321,0.08368744,0.56701875,0.31298363,0.1563197,0.43771157,0.23671895,0.2947179,0.34406337,0.2413004,0.29726094
419,0.25616676,0.08814676,0.56533784,0.31293666,0.16033797,0.48919737,0.21878949,0.2896901,0.33908203,0.23798649,0.29739144
420,0.24780178,0.08352698,0.5628361,0.3113345,0.15863432,0.4296327,0.22373153,0.28709763,0.3518219,0.24019936,0.29695052
421,0.2560586,0.08278833,0.5671487,0.32314244,0.1530626,0.43950653,0.2055288,0.29527265,0.34262818,0.24370532,0.298843
422,0.26504645,0.08549632,0.5550235,0.31059724,0.1542211,0.43104935,0.2086265,0.2897739,0.34628677,0.2382875,0.294245
423,0.24624728,0.08664394,0.57084197,0.32884732,0.16070862,0.44057697,0.24139236,0.2949583,0.34438506,0.24009718,0.29671693
424,0.2601432,0.08966362,0.5542853,0.31733313,0.15995555,0.46543217,0.214867,0.28687596,0.33789584,0.23691945,0.29463577
425,0.25616154,0.09200399,0.5667408,0.3394353,0.16942054,0.42841202,0.23116842,0.286535,0.3461198,0.23714215,0.2932559
426,0.2675849,0.08645292,0.57761246,0.34938884,0.15769665,0.44349372,0.2106443,0.29788682,0.34456405,0.24283683,0.29820064
427,0.27315196,0.08866256,0.5744088,0.326551,0.16180016,0.45254105,0.21765022,0.29195836,0.34729332,0.23614739,0.29609135
428,0.25599203,0.090473,0.5874683,0.35003757,0.1679424,0.44580758,0.24895465,0.29675418,0.34463993,0.23907337,0.2952221
429,0.27882057,0.09834772,0.59835726,0.36330882,0.17787847,0.5069482,0.23164931,0.29374298,0.3412439,0.23449716,0.29640096
430,0.26707402,0.09440371,0.6171345,0.37149155,0.18099357,0.46953514,0.24507481,0.29493847,0.3534813,0.23529603,0.2984091
431,0.28468016,0.094419606,0.59960854,0.3972593,0.17079955,0.45555037,0.22060627,0.2987678,0.34486413,0.24178141,0.297063
432,0.287732,0.09571129,0.60750854,0.3642419,0.17560476,0.47678748,0.22955711,0.2944704,0.34906256,0.23290895,0.29656917
433,0.2702671,0.09748919,0.6172489,0.38794562,0.17929539,0.4671038,0.2645221,0.30191445,0.35000446,0.23830578,0.2980268
434,0.29867333,0.10186949,0.63110477,0.39977935,0.18643814,0.53589445,0.23991634,0.29959184,0.34847337,0.23566593,0.30020192
435,0.28234267,0.10545059,0.64208496,0.4226102,0.19953415,0.48129582,0.25692108,0.29790425,0.35197148,0.2323187,0.29648662
436,0.30919275,0.10127517,0.6451239,0.46558607,0.1838821,0.4876479,0.23526382,0.30775318,0.35210428,0.23983024,0.3024527
437,0.31770393,0.104731254,0.63182294,0.41815126,0.18790127,0.48444873,0.24015106,0.2992546,0.3537513,0.2321823,0.29595333
438,0.28551373,0.10548663,0.65182334,0.43771717,0.19546999,0.49201715,0.28222173,0.30635586,0.35151798,0.23587018,0.2986283
439,0.31553164,0.10938416,0.64601153,0.43664077,0.19767886,0.5373557,0.2469075,0.30125096,0.3492071,0.23439427,0.2986664
440,0.29840443,0.11095205,0.66644585,0.4620754,0.20865911,0.49096757,0.26416928,0.3011663,0.35710418,0.2322915,0.29749644
441,0.32141373,0.10876257,0.6646127,0.5172576,0.19800024,0.50362396,0.2465274,0.3066087,0.34969315,0.23802762,0.30163842
442,0.3349048,0.11017832,0.668692,0.4603115,0.19944172,0.5073122,0.24993835,0.30378243,0.35801286,0.23207276,0.29861018
443,0.29383183,0.11063685,0.682434,0.46733534,0.20680302,0.5169816,0.29691377,0.30978718,0.35429052,0.23582004,0.3004515
444,0.33583862,0.119653635,0.6821735,0.49309278,0.21846054,0.5731115,0.26215786,0.30562764,0.35067058,0.2286451,0.29777
445,0.30269384,0.11405928,0.69723433,0.4871968,0.21942699,0.5188623,0.27471417,0.3048514,0.35688668,0.22997516,0.2987626
446,0.3309159,0.113242775,0.7182019,0.5744303,0.21339718,0.54917425,0.26257572,0.3113747,0.35207057,0.23569614,0.3091055
447,0.3487289,0.11693981,0.68811965,0.49318394,0.21238826,0.5173757,0.25844353,0.3047661,0.35764024,0.22909224,0.29736087
448,0.3051687,0.11555594,0.70391774,0.50282884,0.21759896,0.5291154,0.30837,0.3120218,0.3552063,0.2339415,0.3002772
449,0.343951,0.12339603,0.7070405,0.5230121,0.22907701,0.5911973,0.26966056,0.3086174,0.35311088,0.2288748,0.29948947
450,0.31131068,0.11838716,0.6966975,0.5085442,0.22417793,0.52153677,0.27942982,0.30570215,0.35774925,0.22787216,0.29811138
451,0.3395449,0.11732169,0.6947199,0.58898973,0.21304737,0.5148306,0.25421223,0.3091379,0.35225007,0.23544224,0.30061015
452,0.34830162,0.115462445,0.69262564,0.49254268,0.21021432,0.528888,0.26107085,0.30616036,0.35946068,0.22918995,0.29974997
453,0.30753213,0.11834769,0.7085583,0.5170492,0.22162026,0.53267676,0.3111803,0.31247416,0.3558389,0.23446915,0.300837
454,0.35227022,0.12596309,0.71264476,0.5368177,0.23207507,0.59465104,0.27180594,0.31001994,0.35450706,0.22963287,0.2997735
455,0.31558162,0.1207086,0.6941528,0.5149203,0.22597672,0.51313204,0.2790229,0.30510566,0.35738763,0.22904776,0.2973524
456,0.34633633,0.11785673,0.71189743,0.6062963,0.21553412,0.52815074,0.2597515,0.31283528,0.35505557,0.23626764,0.3040248
457,0.35588235,0.11947452,0.7079015,0.5174741,0.21814051,0.5325787,0.26512483,0.3070138,0.3602463,0.22930692,0.29941276
458,0.31564245,0.120525554,0.70583105,0.5278322,0.2211482,0.5206693,0.3115403,0.31277454,0.35714993,0.23424284,0.29886186
459,0.35542592,0.12503867,0.7131691,0.53593916,0.22922762,0.59856,0.27231383,0.31164956,0.35611108,0.23124969,0.30117786
460,0.31536603,0.121714525,0.7289467,0.53490007,0.23409103,0.5438803,0.2870773,0.3091713,0.35971183,0.2274305,0.3000933
461,0.34403744,0.11875334,0.7022183,0.60380137,0.21651375,0.52934873,0.26150912,0.30976266,0.35199416,0.23508643,0.30328214
462,0.35837463,0.11939314,0.7038087,0.51732576,0.21796805,0.5305999,0.26592636,0.30675372,0.3597517,0.22877857,0.29830986
463,0.32262367,0.120770566,0.71708465,0.53728956,0.22233638,0.5207231,0.31119928,0.3161039,0.3616964,0.23515046,0.30099633
464,0.3594961,0.12619112,0.7142317,0.5458875,0.23160905,0.5894975,0.27119005,0.31054273,0.35594654,0.23105565,0.3001666
465,0.31644085,0.122874625,0.7192066,0.535439,0.23450257,0.5350237,0.28591487,0.3073941,0.35700944,0.22617018,0.29823318
466,0.34963962,0.1197289,0.7090053,0.61715204,0.21765816,0.53229666,0.26332936,0.31117633,0.3532696,0.23542236,0.30371222
467,0.35836732,0.120715514,0.7135473,0.52585673,0.22155511,0.5459877,0.27038005,0.30656478,0.35929957,0.22754997,0.29933053
468,0.3201548,0.12136272,0.7147516,0.53779876,0.22413726,0.5208847,0.313488,0.31472018,0.35925213,0.2340774,0.29978916
469,0.35050333,0.12604381,0.70666474,0.5342661,0.23132713,0.59226984,0.27150655,0.30973014,0.35367653,0.2272134,0.2987434
470,0.3125161,0.117312126,0.703031,0.5092292,0.22524254,0.5298547,0.2824492,0.30719283,0.35830197,0.22839803,0.29915532
471,0.3499125,0.12161486,0.71328676,0.6264716,0.22125176,0.5321737,0.2642558,0.31117162,0.35291293,0.23571461,0.30313691
472,0.35617036,0.12068595,0.70362836,0.5196098,0.21834952,0.5284787,0.2646989,0.30650464,0.35980302,0.22800995,0.2980583
473,0.32202494,0.12342617,0.71610284,0.5487226,0.22578903,0.5302377,0.31913915,0.3148659,0.35836947,0.23317249,0.2996336
474,0.36143407,0.1276586,0.7149568,0.5541284,0.23356947,0.587229,0.27138194,0.3101423,0.3559524,0.22999012,0.29960144
475,0.3182637,0.121689424,0.71013504,0.52882785,0.228917,0.5201587,0.28004873,0.305975,0.35997966,0.22944817,0.29805824
476,0.34191,0.11567623,0.69991976,0.58559227,0.21051964,0.52753,0.25922957,0.31159875,0.3535282,0.23628964,0.30440593
477,0.35504115,0.12050861,0.70690215,0.5167486,0.22055715,0.5357979,0.26624945,0.30595815,0.3583227,0.22836392,0.29832923
478,0.3193491,0.12053934,0.7345919,0.5382797,0.22706881,0.53818494,0.31779683,0.31632626,0.36089668,0.23434979,0.30200538
479,0.3593502,0.12533002,0.7236035,0.5501078,0.23214829,0.59763354,0.27403596,0.31172618,0.35596764,0.23163953,0.3013529
480,0.30190256,0.11590565,0.6933199,0.48856872,0.22101918,0.52396,0.27739936,0.3056056,0.35584763,0.22771606,0.29884303
481,0.3352669,0.113230206,0.7004373,0.5681885,0.20842995,0.5247569,0.25618243,0.3114982,0.35354474,0.23749131,0.30553687
482,0.3444246,0.114359684,0.6883025,0.4850465,0.20817822,0.52427655,0.2594051,0.30523598,0.3589682,0.22896557,0.29890534
483,0.3097824,0.11503556,0.708853,0.507934,0.21467364,0.52369004,0.30569628,0.31430298,0.36146677,0.23547116,0.30276302
484,0.33144477,0.11878195,0.6977243,0.49444616,0.2236542,0.59124833,0.2653082,0.30694044,0.35222316,0.22887358,0.2997508
485,0.30247894,0.114356175,0.6927936,0.48429513,0.21783993,0.519086,0.27505708,0.3050329,0.35752913,0.22876288,0.29905424
486,0.33795914,0.11309058,0.6910905,0.56558365,0.20561405,0.5183461,0.2542498,0.31199276,0.35470635,0.23656026,0.30384704
487,0.346646,0.11300752,0.69061935,0.49102533,0.20621161,0.51807094,0.25625,0.30666673,0.36076617,0.23247403,0.29999703
488,0.30992845,0.11471292,0.6905191,0.49941978,0.21024454,0.5081938,0.300048,0.31290483,0.3602427,0.2362048,0.3009345
489,0.3370202,0.11956088,0.6977588,0.50371015,0.22188614,0.5935237,0.26721612,0.30878267,0.35349455,0.22888519,0.30019414
490,0.30830252,0.11420853,0.69234955,0.49060708,0.21759836,0.50732636,0.2714893,0.3041629,0.36099234,0.23128563,0.2987917
491,0.33473834,0.11254797,0.6901021,0.5607401,0.20545092,0.51765525,0.25324854,0.3115609,0.354198,0.23699352,0.3036849
492,0.33790702,0.11368784,0.6775587,0.47301525,0.20679775,0.5199435,0.2569727,0.3031812,0.3561031,0.22833626,0.29773685
493,0.30272147,0.11505312,0.6982164,0.49696252,0.21539505,0.5226953,0.30388168,0.31134528,0.35563454,0.23541611,0.30056247
494,0.34211677,0.11901627,0.68796384,0.5013758,0.21727215,0.57252926,0.26093113,0.30663183,0.3534376,0.23159206,0.29952958
495,0.3083295,0.11888065,0.7206284,0.5182579,0.22971939,0.55038744,0.28714198,0.30881795,0.3570948,0.2263755,0.3002618
496,0.32763246,0.112077266,0.6927447,0.55249304,0.2077768,0.52861935,0.25594524,0.30883086,0.35043237,0.23625557,0.3053945
497,0.3384597,0.11280761,0.69585496,0.4817282,0.20951861,0.5447582,0.2640412,0.30464754,0.3569415,0.22825035,0.30056494
498,0.30916604,0.11678874,0.7154711,0.51256377,0.21983922,0.53107876,0.31003904,0.3134544,0.35936898,0.23476475,0.30157804
499,0.3416015,0.12093462,0.7164373,0.51681566,0.22851454,0.6099865,0.2717017,0.31151876,0.35542786,0.22941706,0.30177176
