,KRW-BTC,KRW-ETH,KRW-XRP,KRW-ADA,KRW-ETC,KRW-BCH,KRW-XLM,KOSPI,DJI,VIX
0,2.6189506,1.6722741,4.6565304,4.543274,3.9130251,6.53218,3.2126184,3.0176368,3.3616452,1.6893456
1,2.6835206,1.709888,4.5794506,4.571231,3.9383411,6.6143503,3.1508746,3.012831,3.3532789,1.7000363
2,2.6337385,1.733088,4.6575823,4.3684855,4.029046,6.7180753,3.198421,3.0328255,3.3484166,1.7212492
3,2.757821,1.7143542,4.654789,4.6187716,3.9667218,6.6741495,3.3055882,3.0170457,3.3259063,1.7676847
4,2.6322417,1.651266,4.755397,4.3990426,4.110612,6.8421955,3.2757185,3.031527,3.3500144,1.7391436
5,2.8037362,1.739439,4.710304,4.453267,4.0663586,7.0187645,3.3806293,3.0422907,3.3722236,1.7746518
6,2.5521238,1.6695397,4.590008,4.5103893,3.8140073,6.6203785,3.146955,3.0074513,3.3247643,1.6512766
7,2.6627884,1.7379589,4.6812644,4.698408,4.111636,6.8084087,3.279794,3.0270028,3.3398504,1.7142673
8,2.5649934,1.6281168,4.578937,4.36271,3.901585,6.6789093,3.203665,3.0418787,3.3252382,1.6986635
9,2.6093948,1.6691344,4.6213207,4.3722486,3.9387717,6.4819503,3.1580744,3.0316415,3.3324246,1.6971438
10,2.671424,1.6689312,4.6618423,4.5864344,3.943281,6.9571333,3.2878618,3.0359786,3.3531642,1.7498531
11,2.5684032,1.6342595,4.5685115,4.4073906,3.7616081,6.517145,3.1216428,2.9947703,3.2790468,1.7122648
12,2.6249576,1.6601622,4.4720216,4.5402627,3.8358974,6.434187,3.1663623,3.0267904,3.3312533,1.692945
13,2.5836616,1.6169322,4.4770074,4.3813066,3.7422047,6.5793424,3.1764996,3.015387,3.3201308,1.7506024
14,2.5187385,1.6111112,4.478737,4.324459,3.8001661,6.548108,3.1479177,2.9879346,3.284491,1.7436657
15,2.6551633,1.6825862,4.614326,4.368603,3.8882978,6.8215714,3.199634,3.0404024,3.3568864,1.6708578
16,2.5628376,1.5959363,4.467634,4.2765117,3.8586853,6.5240946,3.089891,3.023437,3.3251176,1.6724249
17,2.537425,1.6379538,4.5875483,4.3163366,3.7778332,6.588164,3.1630678,2.9866395,3.3031735,1.7662642
18,2.676559,1.6615016,4.3468766,4.5686674,3.8279543,6.5074477,3.2015476,3.0382192,3.3180337,1.6604412
19,2.6860414,1.7092927,4.4604177,4.590734,3.897986,6.7406893,3.2351692,3.0278027,3.3134644,1.737886
20,2.7359982,1.7098763,4.651901,4.445463,4.0055685,6.694337,3.2822833,3.0421677,3.384882,1.6519878
21,2.688386,1.7221413,4.6868114,4.454228,4.1162186,6.625488,3.2290766,3.0277734,3.351389,1.6857905
22,2.7200837,1.7183809,4.608098,4.5193744,3.936596,6.61046,3.2111092,3.0474367,3.3702884,1.7208571
23,2.7079525,1.7289287,4.637906,4.4766855,3.8722548,6.6899347,3.2838163,3.0306773,3.3310428,1.6921477
24,2.6144767,1.6738793,4.616396,4.48701,3.906927,6.590498,3.194445,3.037825,3.3076358,1.7100437
25,2.6132965,1.6884273,4.6061697,4.4123583,3.9554796,6.715162,3.288463,3.0117044,3.3031511,1.7733545
26,2.560655,1.6689982,4.639741,4.5594187,3.93302,6.6689525,3.1678042,3.0212235,3.3261185,1.7401724
27,2.600087,1.6680353,4.494805,4.4402313,3.948015,6.4271917,3.167335,3.0307097,3.315594,1.7352687
28,2.572363,1.6662593,4.515339,4.4504933,3.8509948,6.744266,3.2204776,3.0535064,3.3282475,1.673569
29,2.6730814,1.7077246,4.753062,4.45102,3.9311457,6.8106394,3.2630553,3.0242162,3.3207526,1.760879
30,2.6570826,1.6729683,4.51726,4.5115786,3.969553,6.446319,3.118669,3.0167108,3.3258083,1.6471019
31,2.5651712,1.6653624,4.660904,4.6391115,3.968906,6.551519,3.19838,3.024804,3.339686,1.720854
32,2.5568943,1.6163139,4.5464697,4.640936,3.8094244,6.5867443,3.0998611,3.017497,3.2848878,1.7259574
33,2.722929,1.6878107,4.6652045,4.580539,3.9332519,6.7603106,3.2459726,3.0116818,3.3435318,1.6585435
34,2.6434824,1.6720333,4.6047,4.4709883,3.6942754,6.606757,3.187097,3.0237777,3.3374481,1.6242943
35,2.5558014,1.6565343,4.630808,4.4428854,4.0075455,6.620463,3.1885846,3.0094774,3.3017015,1.7352192
36,2.6122146,1.6764014,4.5887403,4.4628506,4.061665,6.8243065,3.291232,3.025583,3.3218493,1.7848256
37,2.7022939,1.7223547,4.621862,4.5484324,4.119321,6.7371273,3.2279778,3.0474014,3.3756132,1.7602229
38,2.6617208,1.6385365,4.6284986,4.234351,3.7641048,6.609089,3.1592584,3.01575,3.3338776,1.6912673
39,2.6266494,1.6710477,4.684432,4.4828444,3.9140282,6.6602387,3.1993175,2.992311,3.3121262,1.6889157
40,2.5632324,1.646748,4.6287704,4.3708415,3.9364746,6.6798105,3.1910994,3.0100806,3.3008442,1.7233493
41,2.5907283,1.645555,4.5680304,4.4830203,3.8723822,6.6467643,3.224476,3.0182228,3.2845101,1.7413561
42,2.5845096,1.7263476,4.6330547,4.596953,3.9168043,6.854088,3.2606955,3.035686,3.348044,1.7293234
43,2.6818795,1.6523345,4.4835167,4.438237,3.8101015,6.464173,3.1808128,3.0232184,3.3266864,1.6193721
44,2.6651511,1.6888026,4.673381,4.518035,3.9115214,6.7225027,3.137978,3.0380588,3.3053374,1.7929742
45,2.6573691,1.6941812,4.6058683,4.5295153,4.020859,6.5860033,3.2540162,3.0428388,3.3447156,1.7537657
46,2.7366114,1.7189599,4.4837213,4.4100122,3.9866762,6.679443,3.2270217,3.0096154,3.31428,1.6996367
47,2.6618786,1.6910878,4.5786695,4.3970485,3.8861904,6.6347857,3.1625094,3.031665,3.337949,1.7833059
48,2.6549973,1.687822,4.5211387,4.544837,3.9505463,6.5738006,3.1499968,3.022313,3.326036,1.675047
49,2.6931422,1.7259297,4.6929007,4.486782,3.9847193,6.8069725,3.3220878,3.0134816,3.3515759,1.7933736
50,2.5309463,1.580423,4.5540223,4.2468386,3.7337568,6.584992,3.1441426,2.9955554,3.2970347,1.6902864
51,2.6409369,1.6615674,4.5630016,4.4844437,3.7978272,6.7266617,3.2223039,3.0394554,3.3115733,1.6979073
52,2.7723527,1.7395171,4.6734123,4.4560966,4.090401,6.775902,3.3014858,3.0331044,3.3446462,1.757265
53,2.688932,1.6594069,4.441206,4.4123015,3.8018212,6.4093237,3.232555,3.0335803,3.298143,1.680589
54,2.7405658,1.6842989,4.5694895,4.4520464,3.8897767,6.5886707,3.2037406,3.042983,3.357797,1.7749758
55,2.6450498,1.6839786,4.66026,4.606998,3.9039407,6.511669,3.1205602,2.9927623,3.301453,1.6691594
56,2.6547465,1.7092359,4.563077,4.620211,3.997477,6.6604433,3.1979103,3.0479383,3.3529549,1.6818001
57,2.6581569,1.6462883,4.4093623,4.4479055,3.8803265,6.679772,3.2211037,3.0386739,3.33711,1.7578151
58,2.5583434,1.6605682,4.6833334,4.489348,3.755124,6.466323,3.1144767,2.9940534,3.3002458,1.6239389
59,2.5872617,1.7083366,4.6007032,4.524217,3.9222941,6.5985084,3.2078476,3.0132508,3.334813,1.6878943
60,2.5842557,1.6813991,4.547472,4.482644,4.027895,6.571785,3.1586142,3.023986,3.3298984,1.721659
61,2.5389361,1.6120679,4.4567947,4.46212,3.794731,6.531597,3.2266102,3.0176227,3.2670481,1.6500132
62,2.6238556,1.6448569,4.5486183,4.426678,3.8606682,6.529151,3.1454387,3.009141,3.3372755,1.7053268
63,2.6099217,1.6920121,4.640443,4.5588903,4.0621996,6.6966114,3.298494,3.0245812,3.3570805,1.7197332
64,2.6100273,1.6924391,4.5565424,4.5211086,3.9050283,6.6439857,3.138094,3.0174837,3.3123736,1.6790318
65,2.6669915,1.6921835,4.600705,4.5613756,4.0027237,6.7280383,3.190108,3.0489063,3.3576598,1.7021768
66,2.693469,1.6640154,4.5381145,4.4153266,3.826538,6.7180195,3.2351582,3.0205522,3.3358297,1.676795
67,2.5948415,1.6680584,4.6919193,4.474064,3.926938,6.790949,3.2484055,3.0277276,3.298959,1.7356468
68,2.6624913,1.7361505,4.6009254,4.5137186,4.0110445,6.7781463,3.2236838,3.0139866,3.3345783,1.7516587
69,2.7311697,1.7210964,4.4817758,4.453249,4.0035033,6.6334405,3.2772455,3.0244951,3.328529,1.7052763
70,2.7083983,1.7343655,4.667269,4.5849085,4.0046296,6.7877145,3.2618802,3.0265245,3.3508916,1.7057648
71,2.7096372,1.755653,4.5948114,4.586529,3.9477034,6.6903563,3.2668853,3.0499125,3.3857522,1.7066369
72,2.7442331,1.6892451,4.5501995,4.364248,3.9069796,6.5825233,3.187014,3.019938,3.3317995,1.7335229
73,2.6654058,1.6657119,4.7513833,4.6332884,3.8859797,6.708708,3.2244716,3.0183682,3.3138084,1.740839
74,2.5950403,1.7011629,4.8210487,4.5807114,4.029648,6.801279,3.1896791,3.0154657,3.3610482,1.6884146
75,2.513262,1.5821161,4.538645,4.4518547,3.8111486,6.6289206,3.1343813,2.9971228,3.3086038,1.7065095
76,2.7848024,1.7687135,4.73378,4.4505057,4.009396,6.8638506,3.2917566,3.0462136,3.3573208,1.7083764
77,2.6797752,1.6475632,4.6553073,4.5421553,3.873908,6.601114,3.1600747,3.0291595,3.2816768,1.7200295
78,2.7013512,1.7364706,4.5452814,4.5553885,3.9957738,6.5177145,3.1886132,3.036442,3.3770404,1.7292292
79,2.5427802,1.6384915,4.576061,4.4530325,3.8432567,6.6528664,3.2041063,3.0207338,3.3291636,1.7314835
80,2.462933,1.6317236,4.5745716,4.4871397,3.7717319,6.5464954,3.1736825,3.029129,3.3257291,1.687871
81,2.7474341,1.7020414,4.582964,4.56156,3.9887109,6.765064,3.2882316,3.0602562,3.3595185,1.7280204
82,2.6088982,1.6846447,4.6995425,4.444038,4.074506,6.624749,3.2948825,3.0148315,3.324937,1.7619383
83,2.731094,1.6556108,4.6002436,4.181857,3.7132058,6.5909643,3.1520433,3.0086682,3.3084106,1.6905832
84,2.6550646,1.6552652,4.4692364,4.3591704,3.8488748,6.5578356,3.2060905,2.996285,3.3043773,1.7222984
85,2.6907692,1.6794915,4.422641,4.258877,3.9095023,6.609644,3.1613224,3.052547,3.3568282,1.7116644
86,2.66341,1.7112701,4.6783075,4.4410973,3.972196,6.8148136,3.2741017,3.0179164,3.3419666,1.7264388
87,2.7006526,1.7207655,4.568482,4.525647,3.9666195,6.493256,3.1711066,3.0212433,3.3340056,1.7220197
88,2.6611085,1.6265175,4.564223,4.516714,3.7903094,6.537552,3.1571422,3.03877,3.3423939,1.6831015
89,2.624641,1.6334957,4.599681,4.4802485,3.8999968,6.6203556,3.181466,3.0381265,3.3424568,1.7423217
90,2.7026114,1.7125707,4.65385,4.6402135,3.9318323,6.637987,3.2965534,3.0186393,3.3162804,1.7068985
91,2.6454148,1.6964233,4.6024237,4.5509043,3.9512002,6.6365447,3.1956148,3.012413,3.3034616,1.7463728
92,2.7471387,1.7335649,4.708353,4.327618,3.9116354,6.688103,3.2429247,3.0300171,3.3212533,1.7468667
93,2.7140946,1.6661904,4.644798,4.4294944,3.9335923,6.9055634,3.2646484,3.04414,3.364659,1.6880708
94,2.6406903,1.7089738,4.6549044,4.507083,3.9188929,6.6794333,3.1505473,3.0403233,3.342819,1.7327919
95,2.566978,1.618147,4.4976406,4.334804,3.7590592,6.4382944,3.0950468,3.0060358,3.2817178,1.6669326
96,2.732504,1.6934676,4.6314926,4.4472466,3.8583188,6.6255054,3.2430964,3.0140038,3.3344512,1.6889079
97,2.6948159,1.7168505,4.5554795,4.3562875,3.8944979,6.5295763,3.2055504,3.0401042,3.35435,1.7888823
98,2.691473,1.703363,4.5482335,4.490933,3.9554508,6.8396473,3.2839022,3.0413337,3.3593879,1.7099702
99,2.665382,1.7248125,4.5287547,4.613389,3.990233,6.530716,3.1724577,3.0282907,3.3472977,1.6876483
100,2.7748866,1.7609935,4.631199,4.461338,3.975355,6.739043,3.243398,3.0383937,3.4138258,1.6936858
101,2.6835222,1.6759893,4.593396,4.455894,3.966446,6.6907835,3.190457,3.0330243,3.3222976,1.6962283
102,2.6192508,1.6998913,4.628775,4.5092373,4.040937,6.7560906,3.2410557,3.0335674,3.3401053,1.682045
103,2.6722534,1.6963974,4.556884,4.405455,4.046837,6.770646,3.2945633,3.0405893,3.339425,1.7154312
104,2.7906377,1.7239776,4.429876,4.5928674,3.8691545,6.5661774,3.2469597,3.0383706,3.340695,1.7000382
105,2.7390642,1.7079322,4.5551577,4.5558977,3.8449302,6.761461,3.2652817,3.0194674,3.3476734,1.7603002
106,2.6493187,1.6757188,4.603009,4.413404,4.006795,6.6582184,3.2068586,3.0521505,3.3313274,1.7719772
107,2.6318283,1.7056959,4.5610356,4.6150064,3.9475837,6.5033846,3.1898355,3.0319958,3.3300495,1.6464903
108,2.6929202,1.7079871,4.5781174,4.460928,4.0012736,6.76915,3.2607663,3.0588186,3.3681424,1.6631075
109,2.611403,1.6542451,4.5549536,4.5070057,3.7864566,6.44138,3.1635523,2.990858,3.284594,1.7077882
110,2.6654568,1.6802621,4.640695,4.4393973,3.903893,6.6820774,3.2145517,3.027089,3.3170564,1.753902
111,2.6331296,1.6396511,4.6518264,4.4626064,3.8298197,6.6420693,3.1772652,3.0008993,3.3092327,1.7661656
112,2.8048627,1.7400374,4.694771,4.6453457,4.016488,6.7126026,3.2713614,3.0352836,3.3413236,1.7391742
113,2.6097293,1.6549823,4.5778837,4.4019766,3.8796425,6.657017,3.3169565,3.009595,3.3126202,1.7525678
114,2.5725553,1.6614416,4.5461297,4.6309156,3.7917523,6.6266775,3.1276727,3.0063214,3.2989326,1.6771686
115,2.639392,1.7021972,4.578904,4.5774117,4.009765,6.7290835,3.2189963,3.0133126,3.3067021,1.6725283
116,2.5542753,1.6697807,4.5517397,4.5902853,3.947165,6.5761085,3.156761,3.0241911,3.3231783,1.6508399
117,2.5968592,1.634576,4.6654224,4.3823996,3.7267609,6.5279484,3.0743098,3.000175,3.3301523,1.7086928
118,2.642931,1.6954678,4.6139374,4.43605,3.8350472,6.7528048,3.1720576,3.028255,3.3192205,1.6462653
119,2.6212614,1.675862,4.6955767,4.600707,3.865934,6.6407323,3.1773195,3.0067286,3.292778,1.7467846
120,2.6556797,1.7002137,4.555209,4.664713,4.000679,6.6416664,3.1350183,3.0418615,3.3702312,1.6429253
121,2.5059004,1.7075905,4.642868,4.4438725,4.023196,6.6047316,3.2088175,3.0297058,3.3178353,1.7535281
122,2.7293844,1.7166355,4.6072807,4.462549,3.969031,6.655987,3.273933,3.0272717,3.314978,1.717113
123,2.7299685,1.7481449,4.557843,4.5389404,4.0298634,6.6592946,3.2881594,3.0624323,3.3979015,1.6841917
124,2.649354,1.6569667,4.443761,4.4546356,3.774173,6.3574953,3.1585364,3.011647,3.3033357,1.7082794
125,2.6777787,1.6774657,4.6206236,4.530493,3.8105907,6.5739126,3.1592898,3.0327668,3.324063,1.7052598
126,2.6768007,1.7104424,4.4757347,4.493949,3.7819479,6.541525,3.118619,3.0113354,3.3171859,1.6898098
127,2.5628848,1.6622605,4.7451286,4.474905,3.9982736,6.7779026,3.2212133,3.0234969,3.340705,1.7421972
128,2.715436,1.718781,4.625993,4.5908294,3.9895978,6.8339367,3.3300598,3.0254803,3.3439507,1.6820524
129,2.7003918,1.7370701,4.6496725,4.5295525,4.100155,6.911351,3.3611956,3.0351768,3.362188,1.740601
130,2.681723,1.7215893,4.6523237,4.639306,3.9782066,6.7501817,3.247683,3.0303307,3.3740582,1.6736486
131,2.660183,1.6828933,4.5579996,4.537244,3.902285,6.733412,3.2419448,3.0316706,3.306515,1.669846
132,2.6545775,1.6680877,4.6082,4.5372467,3.987615,6.8174562,3.3279712,3.0226345,3.3374119,1.7495973
133,2.6734138,1.7129669,4.606014,4.5934744,3.975848,6.7068996,3.283427,3.028521,3.333116,1.6746044
134,2.718965,1.731158,4.5094295,4.6190453,4.0897436,6.765368,3.2878995,3.0423632,3.3651052,1.7291281
135,2.6450968,1.7051866,4.595699,4.5044737,3.905303,6.856574,3.1941772,3.0339706,3.3578415,1.679409
136,2.6356807,1.6758728,4.7510915,4.494942,3.831544,6.8845925,3.2104006,2.9995327,3.3012295,1.6986339
137,2.6185098,1.6353229,4.649518,4.2687464,3.7298813,6.666586,3.1820612,3.0040207,3.2955022,1.7385074
138,2.6341164,1.6806977,4.5909023,4.4519734,3.7635887,6.386882,3.1053972,3.0077784,3.2984352,1.6648608
139,2.6514742,1.7262604,4.6895723,4.6396866,3.9710689,6.748217,3.2666638,3.0270028,3.3666127,1.7276419
140,2.7166173,1.6843991,4.6257725,4.5913897,3.9716563,6.590241,3.1815047,3.026905,3.3580198,1.6821845
141,2.6832552,1.6631496,4.7133064,4.481867,3.9295926,6.8211656,3.2652469,3.0464818,3.3687077,1.6856843
142,2.4445834,1.691967,4.629286,4.5846415,4.0232754,6.7498407,3.159214,3.0365663,3.325307,1.7560558
143,2.6417153,1.6841364,4.5513716,4.730648,4.021731,6.78102,3.289496,3.0170531,3.3192494,1.6636715
144,2.63485,1.6630048,4.5280237,4.3861523,3.9476366,6.8134365,3.1282275,3.0175588,3.3529685,1.64976
145,2.731771,1.7039304,4.6345654,4.701504,3.9877286,6.958869,3.3500144,3.035081,3.365426,1.7285128
146,2.4975452,1.6101191,4.675354,4.253019,3.955215,6.6096416,3.182499,3.0066986,3.301425,1.7179799
147,2.6684768,1.7385395,4.659226,4.4940386,3.8921561,6.734294,3.303968,3.0302386,3.368106,1.7508955
148,2.7329977,1.7290492,4.474054,4.7124324,3.9904516,6.623912,3.234233,3.0435686,3.364268,1.7287629
149,2.6577613,1.6884301,4.6783886,4.43285,3.9333544,6.695814,3.2151232,3.0091808,3.2998343,1.7337334
150,2.6430376,1.7007936,4.647043,4.4644156,3.9750824,6.7579503,3.1581743,3.037609,3.3676126,1.7269491
151,2.572955,1.652055,4.5602922,4.5359573,3.9520588,6.4736834,3.1694703,3.0071054,3.3334775,1.6910332
152,2.6265578,1.6914766,4.4303665,4.5706825,3.9263484,6.495201,3.1544178,3.01053,3.320305,1.655412
153,2.6663127,1.7329013,4.7173524,4.576679,3.8922625,6.7252455,3.2645898,2.9948053,3.275759,1.735938
154,2.5927734,1.6330504,4.539098,4.587033,3.82365,6.5198245,3.154686,3.0180974,3.3504763,1.7171762
155,2.644339,1.6694915,4.5660987,4.2273226,3.8521657,6.6246185,3.2432117,3.0334764,3.305919,1.6845064
156,2.6412935,1.6558661,4.532379,4.5447397,3.8842368,6.7146053,3.1829703,3.047842,3.294899,1.7513331
157,2.639197,1.6542213,4.611616,4.2632275,3.929045,6.824811,3.2018752,3.0211554,3.3448071,1.7624
158,2.622117,1.670098,4.708089,4.22379,3.9200644,6.60834,3.155085,2.9912834,3.2985816,1.6859201
159,2.6271267,1.621,4.496546,4.3855743,3.827216,6.4460034,3.273244,3.0004559,3.309602,1.6989205
160,2.6900573,1.6947877,4.479197,4.4324083,3.8777878,6.534422,3.1526823,3.015898,3.3130252,1.708658
161,2.5938468,1.7010446,4.593151,4.608906,3.9402893,6.569573,3.2160652,3.0405908,3.3296561,1.7044232
162,2.682056,1.7375743,4.569213,4.4032984,4.0535297,6.72606,3.2039714,3.049059,3.3714824,1.6776533
163,2.7119765,1.7422214,4.688016,4.5072684,4.1004553,6.8862453,3.3227344,3.037856,3.3788774,1.6923207
164,2.6176066,1.6655438,4.558922,4.557433,3.8292809,6.563883,3.2159727,2.9916253,3.2896733,1.7178459
165,2.6994197,1.7263367,4.6508746,4.550619,4.0758257,6.92031,3.3188906,3.031252,3.3298144,1.7500639
166,2.418212,1.593789,4.6524706,4.349552,3.754634,6.5686994,3.16147,2.9939795,3.2975752,1.6677616
167,2.6855717,1.6999178,4.5317645,4.394085,3.8648293,6.7111387,3.2178934,3.0354304,3.3255384,1.7460605
168,2.7468271,1.7170401,4.566556,4.6049056,3.9614575,6.7916036,3.2953305,3.0541806,3.3741188,1.7380056
169,2.4943419,1.6632602,4.567766,4.4802957,3.824382,6.274026,3.0743744,2.9996762,3.286004,1.6671401
170,2.660002,1.6451483,4.632627,4.2847033,3.7386527,6.5983543,3.1051307,2.999004,3.3255677,1.6831372
171,2.6275065,1.6612432,4.5242467,4.5511894,3.8284326,6.60351,3.2107005,3.013929,3.3167171,1.7104847
172,2.6871243,1.6842045,4.6301594,4.4967127,3.7814972,6.7498655,3.214491,3.0258188,3.3236146,1.760324
173,2.5649948,1.6656481,4.66671,4.5379095,3.892166,6.624794,3.221757,2.9897573,3.2879481,1.7219954
174,2.7009501,1.6889615,4.6766944,4.3784437,3.7748296,6.761285,3.1506133,2.995563,3.306068,1.7345009
175,2.5497928,1.6683509,4.6272,4.5256033,3.9110303,6.664874,3.190679,3.017505,3.2957988,1.7173383
176,2.6097383,1.6471437,4.4779425,4.480105,3.8689287,6.429682,3.2144523,2.9950547,3.3248858,1.7095351
177,2.6173759,1.6401575,4.50677,4.580617,3.8391714,6.5837793,3.1792204,2.9958,3.2499642,1.7052186
178,2.6384704,1.6583827,4.6007895,4.5270176,3.9550326,6.6012945,3.2063124,3.0077522,3.3229928,1.6868336
179,2.669055,1.6714184,4.651596,4.3262634,3.8842256,6.7178235,3.2304115,3.0166173,3.3095794,1.7522764
180,2.6647973,1.6870499,4.5370216,4.624215,3.9762912,6.7412443,3.2406464,3.0153666,3.3375847,1.7253165
181,2.5420794,1.6967306,4.658023,4.5880566,4.025999,6.648147,3.2011266,3.0358884,3.3559964,1.6943489
182,2.7786913,1.7325727,4.6860595,4.6435018,3.9766598,6.777151,3.2723985,3.052308,3.3672583,1.7479832
183,2.6849759,1.674546,4.6688347,4.3910437,3.8988867,6.7705393,3.2113981,3.028542,3.366798,1.7049263
184,2.535827,1.6503315,4.5599647,4.288227,3.8068533,6.604135,3.063055,3.0157738,3.3008409,1.6935962
185,2.6552625,1.6948893,4.607849,4.4747663,4.0524683,6.706939,3.2706585,3.0194898,3.3012965,1.7269616
186,2.6774406,1.7076588,4.7279224,4.58284,3.8800669,6.8098555,3.236795,3.0137358,3.3500376,1.7432004
187,2.605389,1.6713622,4.611514,4.4601374,3.9624903,6.7459536,3.1680822,3.0096512,3.3316927,1.6982439
188,2.6454444,1.6655264,4.560733,4.464472,3.8656306,6.6014147,3.1373389,3.025287,3.3053465,1.7148921
189,2.7221427,1.7467057,4.622376,4.616394,3.9937043,6.870379,3.3244452,3.046412,3.3881345,1.6978672
190,2.5132318,1.6653547,4.570835,4.442159,3.925249,6.526461,3.17978,3.0425563,3.3025556,1.6547228
191,2.7205431,1.7082466,4.6487427,4.6062527,3.9647884,6.8210835,3.275986,3.032141,3.3438334,1.732307
192,2.6793742,1.7115896,4.6210685,4.465071,3.8775315,6.592566,3.1956677,3.05422,3.3595233,1.7447829
193,2.6330338,1.6657687,4.6272063,4.41031,3.9321775,6.821612,3.2644029,3.0411315,3.3416529,1.7303559
194,2.6376953,1.6671697,4.696018,4.525694,4.0374393,6.858274,3.28722,3.0266976,3.305415,1.738733
195,2.6173139,1.6393375,4.506584,4.3925705,3.91536,6.6519513,3.1516194,3.0165117,3.318199,1.6948919
196,2.5581388,1.5995948,4.462757,4.268203,3.7544942,6.4108324,3.0994105,3.0055265,3.3181367,1.6886749
197,2.6268468,1.6704047,4.531702,4.4267282,3.9552577,6.649803,3.144781,3.030215,3.3210266,1.7417904
198,2.702343,1.7216725,4.5900273,4.5383816,4.022294,6.735833,3.2767453,3.028213,3.351481,1.7472034
199,2.6926322,1.6928301,4.5938587,4.499111,4.0200434,6.678932,3.177531,3.0224965,3.341234,1.7105254
200,2.6125374,1.7238362,4.6396313,4.541997,4.099903,6.635483,3.305861,3.0409951,3.3645616,1.7684807
201,2.6435614,1.7349842,4.774854,4.497167,4.0122995,6.842016,3.3091576,3.0266023,3.352057,1.7630994
202,2.7857594,1.6806507,4.5802345,4.4361305,3.7264826,6.4529753,3.2322488,3.0249128,3.3736548,1.6955497
203,2.7027946,1.7235553,4.5518475,4.526524,3.9669862,6.714937,3.2433705,3.036191,3.3258069,1.6759331
204,2.5139365,1.605951,4.416853,4.4080486,3.6788836,6.388999,3.0876307,2.9784317,3.269517,1.7129321
205,2.6947637,1.7185097,4.6072035,4.4379067,3.9950273,6.619505,3.250814,3.036504,3.3726606,1.7754714
206,2.5945473,1.7018087,4.7058635,4.5231943,4.1015167,6.557698,3.213069,3.0252833,3.3099375,1.6917663
207,2.6178827,1.653842,4.478792,4.3374987,3.8789105,6.7048025,3.1481552,3.0268812,3.337346,1.6817888
208,2.5470657,1.6754622,4.5144253,4.5192556,3.888157,6.5077353,3.1098337,3.015892,3.3009784,1.6665148
209,2.5286648,1.6237681,4.4762673,4.2975655,3.8037155,6.5544024,3.097235,2.9840755,3.2643075,1.6809942
210,2.5749595,1.6867037,4.594078,4.355912,3.9313738,6.595188,3.1819553,3.0048401,3.3311176,1.7180347
211,2.6817923,1.7257249,4.612196,4.510721,3.8993387,6.7143726,3.2308836,3.0269108,3.3207693,1.7319789
212,2.6209297,1.7066529,4.614849,4.506516,3.9925575,6.5811214,3.131075,3.0289266,3.364908,1.6633468
213,2.7247157,1.6993816,4.671996,4.516696,3.957651,6.753992,3.2766032,3.03128,3.3655987,1.6882901
214,2.5695758,1.6411753,4.557155,4.481111,3.8766472,6.4268517,3.123796,3.0347862,3.3055482,1.6330167
215,2.6193395,1.6848745,4.5897484,4.483824,3.8010077,6.4629025,3.1796646,3.0280285,3.348335,1.6860601
216,2.6605258,1.6712363,4.5610294,4.3987913,3.892685,6.659089,3.1995769,3.0042958,3.3267488,1.678117
217,2.802177,1.72845,4.6860056,4.484092,4.094823,6.6670685,3.2876444,3.0380795,3.3543463,1.7246094
218,2.594179,1.6435213,4.5404468,4.4490733,3.787468,6.72943,3.1626859,3.0027761,3.3409448,1.6758134
219,2.630556,1.6358206,4.529509,4.5433793,3.7449856,6.5344753,3.1607952,3.021164,3.3229606,1.6707597
220,2.5516045,1.6550026,4.730818,4.4761887,3.8708587,6.729341,3.1778846,2.97619,3.2266026,1.7244273
221,2.5632243,1.6001644,4.5488634,4.2888365,3.540429,6.574358,3.0709858,2.9728332,3.2351303,1.7124773
222,2.559862,1.5125084,4.494706,3.8602662,3.3151517,6.0230722,2.9477003,2.9236703,3.2434726,1.7427974
223,2.5020244,1.4338901,4.4193726,3.6090815,3.122089,5.9787264,2.831644,2.8993244,3.164948,1.7351204
224,2.5270443,1.5411842,4.5113935,3.953867,3.4735632,5.98851,2.9720137,2.9204855,3.2052152,1.7170177
225,2.428961,1.4766371,4.4250765,3.825861,3.2020683,6.1959796,2.9673448,2.905506,3.1827607,1.7408195
226,2.442724,1.4201764,4.417624,3.3306136,2.9123018,5.7931676,2.70778,2.842414,3.1643996,1.7214246
227,2.3824022,1.3288293,4.4974847,3.4444118,2.9602463,5.808058,2.7186832,2.8466358,3.1441164,1.8135512
228,2.433477,1.4538925,4.3786755,3.3189647,3.0107892,5.6563005,2.7916102,2.8581352,3.1731663,1.7920858
229,2.377397,1.3194599,4.3767843,3.2224936,2.8080602,5.6171074,2.706636,2.8121657,3.133554,1.8405668
230,2.3900902,1.3206351,4.4368954,3.3105245,2.765253,5.429068,2.6782408,2.8277895,3.1681476,1.7202178
231,2.3980799,1.3961272,4.4752703,3.3803296,2.817441,5.8123884,2.8275428,2.846783,3.1593943,1.7768934
232,2.437535,1.4125162,4.401306,3.5703712,2.9948246,5.717289,2.8304505,2.855689,3.183366,1.7620854
233,2.4727418,1.4551361,4.4736443,3.7474947,3.1066794,6.0008783,2.8662868,2.9075313,3.186706,1.7260828
234,2.459454,1.4612291,4.589017,3.7007012,3.1519766,5.8884764,2.847065,2.8721118,3.1684167,1.7689266
235,2.276204,1.330104,4.29539,3.3805144,2.8395746,5.4803305,2.61794,2.8647661,3.150294,1.7271447
236,2.2455997,1.2936676,4.4404664,3.1269937,2.7425048,5.7056475,2.6891403,2.811657,3.1207094,1.8179691
237,2.1969419,1.2838111,4.5432577,3.282928,2.872637,5.4268036,2.626505,2.8279529,3.1419206,1.8292551
238,2.2685854,1.2643666,4.3200583,3.0523965,2.7494571,5.526859,2.669139,2.8086948,3.1365056,1.886513
239,2.279533,1.2969425,4.514862,3.1007977,2.8339396,5.706741,2.6480002,2.824674,3.111937,1.9074652
240,2.169271,1.247589,4.3593726,3.2094631,2.772375,5.4132414,2.634329,2.8101597,3.1016564,1.8321232
241,2.4843938,1.3916371,4.4123545,3.3198352,2.9140768,5.5138226,2.7630544,2.8309765,3.161227,1.8468543
242,2.4199767,1.3460758,4.508222,3.3685985,2.9381604,5.7785277,2.667143,2.8527703,3.1511354,1.7600759
243,2.2145936,1.2407963,4.4872313,3.0217667,2.7750406,5.573702,2.5784435,2.8074837,3.121924,1.8372095
244,2.336907,1.2809833,4.366782,3.2247674,2.6786084,5.6299033,2.6332333,2.8454967,3.1074834,1.8343561
245,2.3463702,1.3451222,4.370015,3.2991254,2.7513227,5.770114,2.6849334,2.835398,3.1424785,1.8209642
246,2.3971663,1.3706517,4.4612494,3.3092914,2.854265,5.576581,2.739008,2.8489292,3.1449528,1.7845452
247,2.2244692,1.341068,4.5376997,3.1672592,3.071796,5.6284437,2.7414665,2.8533425,3.1609824,1.7896075
248,2.2027097,1.2452667,4.4377813,3.1617997,2.6811018,5.7296505,2.740419,2.8267171,3.1139565,1.8660986
249,2.1821861,1.2024248,4.4642854,3.126563,2.6164737,5.501672,2.5469975,2.820059,3.1262496,1.8700335
250,2.1323402,1.2258139,4.402404,3.1784558,2.6869164,5.56247,2.5696044,2.824298,3.111423,1.840065
251,1.950443,1.1349354,4.3035135,3.0536306,2.5209517,5.236354,2.4099348,2.7488248,3.0421002,1.9502091
252,2.0482893,1.1664413,4.397169,3.123874,2.6276278,5.3264694,2.448018,2.7923524,3.127006,1.8443645
253,2.0082417,1.1319116,4.307422,3.1232057,2.6397614,5.3865747,2.5307882,2.7530332,3.0580554,1.9745901
254,2.0584288,1.1578085,4.2925477,3.1994023,2.6554863,5.120816,2.447656,2.7665133,3.0904467,1.8842225
255,2.1039162,1.2146344,4.580759,3.082717,2.7263417,5.2059984,2.4286485,2.7885284,3.0919333,1.8602991
256,2.0915241,1.2087016,4.4166007,3.0319927,2.5665743,5.3731647,2.524748,2.7816596,3.068898,1.9091954
257,1.9223489,1.0956396,4.3434315,3.0488782,2.5460873,5.0366793,2.3782258,2.7644985,3.0470316,1.8746412
258,1.9186592,1.1238742,4.4269733,2.8249743,2.5055223,5.1338663,2.3590744,2.7334595,3.003409,1.9335332
259,1.8331962,1.0821778,4.422697,2.8518186,2.606563,5.2065687,2.3518586,2.7580907,3.0204036,1.9463823
260,1.9493458,1.1956803,4.503999,2.9762125,2.4972858,5.199963,2.4556568,2.7854755,3.035639,1.8870687
261,1.773354,1.0973794,4.4957285,2.9367414,2.4947457,5.108663,2.45746,2.7055926,2.9451032,1.9578043
262,1.8336474,1.0514324,4.458391,2.653052,2.4724526,5.010851,2.3217213,2.713625,3.0272279,1.9737177
263,1.9006909,1.0781721,4.5720367,2.6790304,2.5819921,5.345811,2.3416018,2.705074,2.98801,2.0576205
264,1.8311746,0.98671985,4.5176497,2.591351,2.3370972,5.0878153,2.2548685,2.6649752,2.9534934,1.9185193
265,1.5582222,0.9047297,4.4529457,2.5572324,2.3246865,4.8962593,2.1820862,2.62781,2.9011917,2.038493
266,1.6220989,0.9249815,4.3807626,2.6613467,2.2592807,4.9316473,2.1766477,2.6594586,2.9395852,2.0016222
267,1.6863768,0.9361658,4.476549,2.5950985,2.2804017,4.8804655,2.2266316,2.6389883,2.9310336,2.0272534
268,1.6354767,0.9747616,4.386383,2.517249,2.3307676,4.969974,2.2224069,2.6696932,2.9178824,2.0048103
269,1.6926131,0.9773379,4.6044464,2.590019,2.379393,5.044716,2.2999296,2.6353269,2.8873498,2.064342
270,1.6911889,0.992486,4.500159,2.6194258,2.4907093,5.0349293,2.263916,2.6905792,2.9981153,2.0905886
271,1.6588825,0.96066993,4.348523,2.539658,2.3286567,4.903756,2.120718,2.6449509,2.934681,2.011909
272,1.6758947,0.99047995,4.574964,2.7495904,2.4188795,4.9157796,2.2232494,2.6747622,2.9375534,2.0117683
273,1.5990105,0.8936838,4.422747,2.3626475,2.2077384,4.878041,2.0372152,2.596641,2.9104056,2.0132918
274,1.5835667,0.95111483,4.434981,2.577467,2.2865932,4.9947023,2.228306,2.6470919,2.9176,2.0548124
275,1.6344004,0.9335282,4.431819,2.5644522,2.2895033,4.839213,2.1355138,2.6277838,2.9198284,2.01084
276,1.5836895,0.96528894,4.4605474,2.6545515,2.3086085,4.879362,2.1904168,2.6427658,2.9356532,1.98863
277,1.5364721,0.8391908,4.255907,2.4383683,2.2226737,4.7923994,2.0409822,2.5917215,2.8913035,2.049549
278,1.5740933,0.8691752,4.4553614,2.492132,2.2847953,4.7958426,2.1197996,2.607938,2.9130318,2.012116
279,1.7310252,1.0025418,4.416814,2.6854095,2.359704,5.0948315,2.1887753,2.6634798,2.9522383,1.9988515
280,1.6500888,0.9709718,4.5170574,2.4681754,2.4182248,4.909915,2.2561316,2.636865,2.931758,2.138431
281,1.6254127,0.8598056,4.402505,2.3552947,2.272103,4.7565145,2.0749838,2.625394,2.9069529,2.0198112
282,1.6839454,0.9080851,4.3622293,2.3293738,2.2723851,5.0331616,2.0963788,2.6479645,2.948134,2.14893
283,1.6821629,0.9817575,4.4017572,2.6109614,2.27636,4.8691983,2.1465344,2.6459868,2.9134045,2.0299263
284,1.682899,0.9998275,4.341259,2.5766215,2.3754528,5.1109543,2.221005,2.6387143,2.947209,2.011639
285,1.5041431,0.8945024,4.29881,2.5777402,2.25418,4.5553617,2.0777645,2.6426167,2.962102,2.0158436
286,1.5659397,0.93138903,4.3576765,2.3979053,2.2503939,4.895964,2.1714454,2.6035004,2.8921514,2.0449815
287,1.5308135,0.9205401,4.3370705,2.5229669,2.276821,4.8083506,2.1090646,2.6561065,2.925063,1.9975181
288,1.6168599,0.9194331,4.2694073,2.3131137,2.1758726,4.858055,2.2162232,2.6215417,2.925043,2.0922809
289,1.5696539,0.9125954,4.2558246,2.4440396,2.2001715,4.75811,2.060776,2.6271884,2.9333608,2.0381465
290,1.6523852,0.8988223,4.4212317,2.4025817,2.2301326,5.06971,2.110242,2.621656,2.9610386,2.0087018
291,1.7235235,0.9669882,4.2541466,2.5646985,2.2627316,4.705451,2.091998,2.637618,2.9558558,2.019211
292,1.610553,0.9228723,4.284109,2.6592207,2.3061247,4.9423475,2.1037846,2.6598535,2.9399285,2.0103366
293,1.6125351,0.8610566,4.3574624,2.5170178,2.206533,4.7071857,2.0033503,2.6261768,2.9305096,1.9787387
294,1.5961623,0.88885653,4.408783,2.4087133,2.242495,4.7998314,2.109564,2.6179085,2.9404757,2.0519886
295,1.5869998,0.9222852,4.3051577,2.393419,2.2170317,4.7836723,2.1006289,2.6388962,2.9704032,2.0772033
296,1.4772346,0.82438326,4.2640486,2.3192935,2.112729,4.567049,2.0496006,2.603365,2.917071,2.028957
297,1.5059335,0.8541579,4.137456,2.3812482,1.9524435,4.6305695,1.9866409,2.6150475,2.922357,1.9424652
298,1.5438969,0.84945256,4.1940126,2.2776554,2.1242352,4.7968907,1.9700842,2.6043658,2.9067483,1.976681
299,1.7959487,0.94379175,4.3636456,2.3017745,2.1500175,4.6837077,2.033177,2.6422405,2.9828348,2.0557418
300,1.5939121,0.8453059,4.273494,2.2062736,2.1116982,4.80077,1.9766623,2.6130686,2.8964553,2.0267065
301,1.4936348,0.84427774,4.2065454,2.4044461,2.101068,4.681386,2.0634303,2.5850682,2.9126036,2.032867
302,1.6250341,0.904534,4.3682775,2.4769409,2.117361,4.5770497,2.1062145,2.6406612,2.9350429,2.041185
303,1.4759502,0.8045223,4.1674023,2.3841922,2.0551,4.732467,1.9855918,2.5917215,2.9133859,2.030454
304,1.5437105,0.8723784,4.2717514,2.4450417,2.0945482,4.593096,2.0618353,2.6084085,2.937479,1.9757361
305,1.6800983,0.86249053,4.308789,2.2626622,2.0840178,4.8842044,2.0236433,2.627324,2.9050846,2.0659397
306,1.5779752,0.942806,4.485405,2.5487895,2.3319764,4.792115,2.2387877,2.6452003,2.9385853,2.088222
307,1.593483,0.8829509,4.294825,2.2526124,2.1498694,4.834668,2.0736926,2.6172705,2.94457,2.0882378
308,1.6373341,0.8845748,4.303644,2.2495863,2.1692362,4.6415052,1.9828155,2.6377087,2.939258,2.06144
309,1.6276956,0.8737136,4.4975367,2.2791538,2.2182963,4.7670083,2.1932387,2.6026483,2.905645,2.0557575
310,1.7104883,0.91982794,4.5854883,2.4776597,2.3407316,4.88392,2.1368737,2.6351268,2.9331632,2.0440886
311,1.6938474,0.9731886,4.488627,2.6917815,2.505602,5.0420637,2.2098937,2.6458497,2.9022121,1.9312618
312,1.6740832,0.98736334,4.291217,2.497711,2.2231083,4.825231,2.1364539,2.6325345,2.9085052,1.962064
313,1.591777,0.9140614,4.3623013,2.5119395,2.2724519,4.532667,2.0096297,2.626772,2.9473293,2.0269651
314,1.7821218,1.000098,4.506883,2.516465,2.3164597,4.8676476,2.2337017,2.6961167,3.028269,2.102262
315,1.6155457,0.921933,4.4100237,2.55337,2.3866405,4.840908,2.221497,2.657269,2.9512892,2.0074382
316,1.8716743,1.0196394,4.3509645,2.783618,2.5293703,5.2124567,2.292081,2.7158933,3.0268583,1.9914554
317,1.8564278,1.0837574,4.413248,2.8287342,2.5591621,5.180789,2.4181936,2.7663498,3.0349064,1.9897476
318,1.9967165,1.0636102,4.4770317,2.8258557,2.467148,5.2149296,2.3904104,2.735848,3.0700164,1.9659948
319,2.031485,1.1180532,4.5381126,2.794592,2.5634532,5.322851,2.5448527,2.7683296,3.0729747,1.9818621
320,1.9422843,1.089544,4.328994,2.8523922,2.5038033,5.062372,2.231481,2.7404685,3.1140115,1.877245
321,1.9267443,1.0888641,4.409176,2.8230095,2.4647584,5.1772623,2.4010372,2.731758,3.00323,1.8661968
322,1.9929955,1.0769157,4.315111,2.9290037,2.4924684,5.117715,2.3361542,2.7255986,3.0630789,1.9754436
323,1.8837383,1.1058141,4.438673,2.9970884,2.3512673,5.1363163,2.3620048,2.7462683,3.0684257,1.9592443
324,1.7360485,0.98222363,4.3115273,2.6820002,2.2901225,4.8569574,2.1729105,2.6738262,2.967696,1.9698744
325,1.6865051,0.92263836,4.307169,2.5568247,2.2780542,4.781269,2.0841508,2.655839,2.9977212,2.0347104
326,1.7387972,0.97795206,4.5367527,2.5503654,2.373394,4.9943,2.265752,2.6894794,2.988009,2.015359
327,1.7020054,0.99304634,4.4249473,2.5017493,2.3438153,4.993596,2.1092257,2.7047734,2.9972668,1.9791372
328,1.7085617,0.98444194,4.15213,2.6542435,2.2530656,4.807626,2.0584207,2.667324,2.966183,1.9680034
329,1.6004295,0.8872927,4.327708,2.4940777,2.1829572,4.7266874,2.1483474,2.6277118,2.9207954,1.9592067
330,1.6725092,0.95986485,4.250965,2.5102334,2.2275078,4.739403,2.1141684,2.683488,2.9805136,1.9301741
331,1.515593,0.86498696,4.2850657,2.3461149,1.9939551,4.630662,2.020932,2.6016564,2.9428382,1.9408044
332,1.6475589,0.9099104,4.354863,2.3246462,2.141469,4.748493,1.9966199,2.6398437,2.962278,2.018114
333,1.6718867,0.85178447,4.32467,2.240808,2.059302,4.6464796,2.0273542,2.592465,2.9404302,1.9870905
334,1.712662,0.91348207,4.330787,2.0927238,2.1133456,4.7537527,2.00341,2.6499934,2.980217,2.0489707
335,1.4528596,0.5991675,3.84543,1.4753644,1.2765158,4.0215697,1.3282537,2.4741564,2.9210007,2.0878582
336,1.5533264,0.6333518,3.559012,1.5730343,1.0078683,3.7810836,1.3163884,2.5013711,2.9048219,2.2278733
337,1.400171,0.55174226,3.5314155,1.3243506,1.0849664,3.6490188,1.2273842,2.4751005,2.9008224,2.2365117
338,1.3569376,0.5722993,3.4402747,1.4632423,0.97041655,3.4948888,1.2420578,2.443798,2.8714738,2.2585597
339,1.3458772,0.5651487,3.36918,1.3308784,1.0024593,3.539579,1.1460018,2.4035711,2.840179,2.247511
340,1.6445818,0.5552652,3.4617643,1.3139505,0.91581964,3.6491365,1.1348134,2.4243453,2.9036179,2.3878202
341,1.485044,0.63134825,3.3493245,1.3811507,0.9396801,3.6564584,1.1427368,2.5038333,2.9425802,2.2064939
342,1.3658631,0.5879066,3.6309614,1.5959288,1.1213558,3.7522166,1.3775793,2.501986,2.9191084,2.2147698
343,1.5633693,0.61808777,3.5284984,1.5336275,0.9734889,3.8617501,1.2342695,2.451861,2.8593054,2.349595
344,1.5207472,0.6020088,3.381056,1.5110918,0.9417584,3.5729508,1.2043972,2.4737914,2.8993335,2.2825007
345,1.5012333,0.60863274,3.42556,1.496331,1.0282996,3.76401,1.2422539,2.4928837,2.9161363,2.3161077
346,1.4220132,0.6031151,3.4986925,1.415352,1.1129957,3.7461035,1.2246681,2.472404,2.9273698,2.289627
347,1.5754268,0.57406074,3.345718,1.4232252,0.98416543,3.5528643,1.1837637,2.4703526,2.9162397,2.2159686
348,1.4702308,0.6167901,3.694096,1.5832735,1.0767834,3.907124,1.3777621,2.4990609,2.95076,2.2440596
349,1.5823727,0.6582483,3.530931,1.4609764,1.1316121,4.0043254,1.4025646,2.4993687,2.9229326,2.2741542
350,1.4494287,0.57302475,3.443724,1.4759138,0.9919027,3.6568556,1.2179334,2.461876,2.8663826,2.2936516
351,1.3994652,0.6097752,3.3760872,1.5817002,1.1673038,3.7331595,1.3376842,2.4707174,2.9125955,2.3462226
352,1.6278387,0.64549506,3.5309372,1.5796206,1.1381167,3.6196833,1.403429,2.539475,2.9327726,2.2746177
353,1.5298812,0.67945206,3.466887,1.6528559,1.1338441,3.6790257,1.3842112,2.5464082,2.9178338,2.2225275
354,1.512944,0.60103,3.643062,1.5745056,1.1917119,3.8901656,1.3721577,2.5110335,2.8925133,2.2748694
355,1.4784787,0.6046034,3.309848,1.5144566,1.0413736,3.5990438,1.2297711,2.5224326,2.8935132,2.253429
356,1.4817687,0.6684178,3.6730072,1.6688921,1.0858896,3.9360952,1.4349973,2.5584862,2.9425511,2.2945666
357,1.4996746,0.6579385,3.6887636,1.5730972,1.2084147,4.1536493,1.4016123,2.50853,2.9052262,2.1407852
358,1.6856271,0.66749287,3.6604419,1.5932583,1.255105,3.9349146,1.3656929,2.551686,2.981833,2.1344304
359,1.6857507,0.73706675,3.9839206,1.7807481,1.4059905,4.231654,1.5824045,2.5478225,2.9561915,2.1916885
360,1.6611171,0.78589046,4.0221,1.7729201,1.6557741,4.344268,1.6554837,2.5783515,2.9627025,2.0461626
361,1.6085544,0.81817555,4.2058973,1.9384289,1.8339223,4.61234,1.8695307,2.6330523,3.0296192,1.9577627
362,1.556073,0.6061481,3.8223314,1.563138,1.2471945,4.1522713,1.421253,2.534706,2.974923,2.208675
363,1.5935237,0.57365835,3.6160026,1.3367527,1.1828699,3.8762975,1.3392475,2.4677837,2.9359398,2.354292
364,1.4839029,0.6146261,3.672027,1.6220934,1.2527239,3.9496891,1.5073408,2.51458,2.877222,2.23265
365,1.420653,0.58495426,3.5156302,1.346139,1.1364658,3.8476806,1.2008109,2.505413,2.937669,2.0427122
366,1.4630954,0.6299579,3.656431,1.5594566,1.1282194,3.831576,1.3788005,2.504712,2.957872,2.3030565
367,1.5136962,0.5993047,3.5672941,1.4358971,1.0747533,3.7959743,1.2653189,2.4477243,2.910853,2.197295
368,1.5184131,0.59437245,3.5020456,1.6072254,1.0220455,3.8163838,1.401865,2.4737687,2.8936021,2.2539296
369,1.3643119,0.54018086,3.360986,1.3815874,0.9375249,3.484038,1.1692753,2.427597,2.864695,2.3255985
370,1.341568,0.5527441,3.2890396,1.4260993,0.9609672,3.513533,1.2022781,2.4380004,2.8274517,2.2130342
371,1.3747879,0.5316349,3.5591702,1.4061346,0.9923266,3.7072744,1.1827912,2.4400334,2.8430305,2.2961078
372,1.4414676,0.52201235,3.38842,1.356792,0.9229497,3.6219282,1.0705578,2.4085703,2.910833,2.18052
373,1.4606731,0.6065459,3.3779392,1.5850149,1.0182129,3.6566405,1.210813,2.5128865,2.906787,2.1799488
374,1.4648325,0.58694243,3.2007523,1.5294534,1.0497434,3.5501971,1.1646788,2.5289412,2.9061246,2.3066182
375,1.5596404,0.594654,3.4319043,1.4147526,1.0963994,3.8260527,1.2471261,2.5039587,2.9603887,2.2215762
376,1.4210644,0.52106977,3.2238498,1.3390019,0.91672444,3.5289783,1.1206131,2.4647136,2.8910031,2.3570292
377,1.476995,0.58319634,3.4106197,1.5285678,1.0652976,3.7003798,1.2773721,2.4648628,2.888772,2.3261085
378,1.4993788,0.59478813,3.402275,1.4246237,1.0750428,3.7539945,1.2562847,2.5068626,2.890886,2.2870464
379,1.4013264,0.5170347,3.2140155,1.2590313,0.92774135,3.5650764,1.0417832,2.4466894,2.8729227,2.217873
380,1.4116862,0.5342021,3.4464474,1.4614701,0.9847841,3.66019,1.1811509,2.4794948,2.8722644,2.256322
381,1.4968956,0.6524377,3.5997734,1.4881427,1.2198753,3.8375702,1.3803945,2.4874194,2.9216392,2.2688105
382,1.3763261,0.558259,3.574348,1.5639821,0.9566605,3.5815842,1.2329501,2.4856546,2.9310415,2.286815
383,1.4474893,0.6074959,3.4156482,1.3323708,1.0763199,3.7287865,1.1527982,2.467327,2.8907015,2.226048
384,1.4973986,0.54944766,3.5030031,1.2967211,0.8933354,3.727446,1.1898153,2.4489594,2.8886132,2.3540492
385,1.4746233,0.55066377,3.5264611,1.2529552,0.9111184,3.8359094,1.2004713,2.4585328,2.9278617,2.2803895
386,1.4027755,0.5309317,3.3573272,1.3175224,1.0113411,3.6190758,1.0315155,2.443532,2.9014134,2.3501074
387,1.490032,0.5874661,3.2912297,1.4890577,0.9511521,3.6341882,1.1601537,2.478683,2.9221323,2.269103
388,1.4885932,0.642946,3.583612,1.5716134,1.0723171,3.902589,1.3034723,2.4963803,2.9186213,2.1962008
389,1.3970821,0.5984651,3.3318298,1.3113465,0.96945953,3.602254,1.1748095,2.4496415,2.8983793,2.3138318
390,1.4105439,0.5980989,3.3170536,1.48226,1.0490911,3.4529204,1.1721389,2.4470918,2.8731165,2.316799
391,1.3945739,0.5925343,3.5257773,1.4328747,0.992801,3.6226363,1.3494815,2.4674563,2.9092236,2.3201795
392,1.5014789,0.5888855,3.4056659,1.403002,1.0206419,3.581789,1.0854499,2.470762,2.9175446,2.2872047
393,1.4526217,0.5499687,3.2538958,1.3076243,0.9667245,3.451304,1.0579331,2.3999608,2.859188,2.2496178
394,1.5668902,0.6303411,3.6125612,1.5139174,1.1713554,3.9991093,1.2423086,2.4945033,2.9850976,2.2846308
395,1.3663425,0.578972,3.4086409,1.4190857,1.03161,3.6319928,1.2419074,2.4651716,2.8972445,2.2058477
396,1.4752243,0.5081159,3.5030854,1.3326589,0.93555665,3.7131636,1.1751733,2.4370823,2.8989549,2.276425
397,1.5965645,0.6110008,3.3425765,1.316134,0.9786275,3.5805552,1.0393767,2.462936,2.9174032,2.2767591
398,1.542061,0.5943121,3.4330807,1.2113081,1.0051,3.6319532,1.1204365,2.4516358,2.9119437,2.3029504
399,1.3231237,0.53623456,3.2751255,1.3527465,0.89996624,3.3738267,1.0941696,2.4378414,2.886118,2.2875838
400,1.4455339,0.5584962,3.4691715,1.4675338,1.0259126,3.774137,1.2228792,2.496907,2.9329853,2.34468
401,1.4406557,0.5549854,3.2575173,1.3676851,1.0067987,3.6389132,1.127139,2.4253078,2.8972206,2.240133
402,1.3605427,0.52757967,3.3218627,1.3010497,0.9531398,3.521463,0.9995724,2.4393458,2.8856294,2.2085028
403,1.4204155,0.56800246,3.4240787,1.3239847,1.0506418,3.669444,1.1066068,2.4444194,2.8556132,2.260398
404,1.3926234,0.5537628,3.4766872,1.2461954,0.9670528,3.7326338,1.1301281,2.4190087,2.8802032,2.2134912
405,1.4156373,0.5426841,3.230051,1.3020084,0.96479976,3.5147214,1.0686443,2.429123,2.863689,2.2362518
406,1.4161984,0.5346162,3.2849636,1.2283425,0.96802306,3.5998132,0.9816246,2.4259124,2.8903632,2.286985
407,1.3092551,0.46855706,3.151605,1.1200569,0.7764839,3.3666925,0.9422765,2.3539405,2.8575788,2.3510404
408,1.3569281,0.4977666,3.332171,1.1271544,0.87073123,3.439866,0.9230236,2.3628654,2.86828,2.3578186
409,1.543233,0.592391,3.305634,1.3474203,0.97929287,3.5400107,1.1301022,2.45679,2.9178698,2.2692053
410,1.4169385,0.5261258,3.3294117,1.2324343,0.9191242,3.466438,1.045116,2.40305,2.8950434,2.2662954
411,1.3755312,0.5012978,3.3566334,1.082113,0.9017942,3.39367,0.9504302,2.3749845,2.855717,2.415281
412,1.3481541,0.52602905,3.2316349,1.2143258,0.8438495,3.289909,0.98874426,2.416235,2.9084415,2.3503127
413,1.4098604,0.5328237,3.2027557,1.3575656,0.8534999,3.5216758,1.0217817,2.3879583,2.869254,2.2822382
414,1.4342808,0.57985973,3.520261,1.3339152,0.99773175,3.8608303,1.1439071,2.429215,2.8822193,2.339623
415,1.392071,0.5516949,3.310153,1.3266536,0.9229239,3.5463185,1.0567586,2.4211679,2.8928182,2.3234797
416,1.4130266,0.4961938,3.2403674,1.1091473,0.8242764,3.5527973,0.9856551,2.3831878,2.8800697,2.348006
417,1.3396437,0.5132086,3.3202827,1.1069683,0.8166995,3.3874745,0.897833,2.361786,2.9025748,2.2764785
418,1.285658,0.44171208,3.0948877,1.0347707,0.7011334,3.2298288,0.8303499,2.3566015,2.8365703,2.3276954
419,1.3626883,0.5024122,3.278575,1.2867328,0.80076015,3.53707,1.0599396,2.371068,2.846572,2.3433037
420,1.3378096,0.486087,3.232462,1.3909503,0.83717775,3.3171277,1.0245326,2.4048166,2.8809707,2.3670044
421,1.4965056,0.51418835,3.3367877,1.1549505,0.9484232,3.6584573,1.0658675,2.4017177,2.870781,2.289543
422,1.4971874,0.57459396,3.4802628,1.2331518,1.0141116,3.5934987,1.1246505,2.449175,2.903047,2.336891
423,1.3700497,0.51372635,3.3985424,1.2561662,0.9419495,3.5281055,1.1189833,2.3572135,2.8724623,2.4383252
424,1.3293698,0.5121418,3.2859702,1.3375695,0.91585076,3.5245466,1.136765,2.4467115,2.8745499,2.3596125
425,1.4743857,0.55028766,3.1575189,1.2907279,0.89959043,3.7088873,1.0526483,2.3727608,2.8637772,2.3519511
426,1.3846481,0.59614813,3.4997592,1.318094,0.9430754,3.685022,1.1838682,2.4426336,2.9092622,2.2579527
427,1.3778055,0.4759109,3.1730902,1.1183351,0.8674946,3.5117311,1.003092,2.3230796,2.8576808,2.2583685
428,1.363384,0.52661824,3.3556452,1.2849786,0.8338225,3.537497,1.150593,2.4087477,2.8820045,2.2971592
429,1.4682891,0.55768454,3.3784451,1.5277774,0.9626365,3.5059397,1.1839895,2.4601173,2.8725848,2.2975132
430,1.4868603,0.5638814,3.3796985,1.3146092,0.9364526,3.4737036,1.0642965,2.4466317,2.868999,2.3154926
431,1.5110934,0.56156373,3.3721585,1.2429395,0.9875237,3.5596433,1.0805485,2.451501,2.948671,2.3158064
432,1.5241535,0.58515894,3.362742,1.2383994,0.9428558,3.5847812,1.116832,2.4955425,2.9204144,2.236822
433,1.386224,0.5537051,3.4120333,1.4376919,0.9899859,3.7099533,1.2346668,2.4448707,2.8955889,2.326594
434,1.5558076,0.5949919,3.3173153,1.2888422,0.9897517,3.577493,1.2060883,2.4720993,2.8857555,2.3297863
435,1.4951655,0.5959927,3.3302956,1.3998873,1.054889,3.721499,1.221427,2.500586,2.9307508,2.2549334
436,1.5973485,0.6125028,3.6895313,1.6118469,1.2218564,3.85833,1.369581,2.5097086,2.9286242,2.3462787
437,1.5030639,0.6118056,3.5625136,1.5204878,1.0015476,3.8033652,1.2201409,2.459,2.8502784,2.2460985
438,1.5468946,0.62469697,3.3709593,1.5773277,1.0813895,3.639389,1.1667767,2.4797287,2.8777814,2.3524675
439,1.5034359,0.59164226,3.442576,1.604384,1.0853388,3.7361202,1.3076841,2.5261474,2.9042807,2.2689803
440,1.6225607,0.649217,3.5200305,1.4128306,1.1017411,3.6269598,1.3136988,2.4804277,2.9203715,2.2781496
441,1.5115893,0.6814377,3.6018791,1.6562872,1.1635138,3.7226353,1.4545121,2.5215771,2.930604,2.2150445
442,1.5516276,0.6746164,3.5026608,1.6844952,1.1891868,3.7917166,1.3941934,2.5673368,2.9118838,2.1967428
443,1.4341421,0.60479784,3.3875816,1.5731817,1.164546,3.7581344,1.3466675,2.5070486,2.8573217,2.1809793
444,1.596869,0.6365603,3.672771,1.4430113,1.1632277,3.9567456,1.4119241,2.5165334,2.9447932,2.303297
445,1.5059915,0.6323055,3.6436045,1.5353228,1.1756785,3.773464,1.3978355,2.5203993,2.9242487,2.1451979
446,1.6474372,0.68811595,3.8601665,1.7729957,1.3791084,4.0334654,1.5775676,2.5499048,2.9171085,2.1481626
447,1.4667544,0.5951048,3.6493177,1.5646684,1.1519952,3.9338973,1.4016184,2.5066576,2.9256206,2.0365438
448,1.5988384,0.65243053,3.7879367,1.3104442,1.3472209,3.9565992,1.3224696,2.4916403,2.9482217,2.136137
449,1.5648001,0.7438241,4.0656247,1.6776007,1.5943558,4.299141,1.6580262,2.576192,2.9852364,2.0376132
450,1.4903476,0.81377393,4.117627,2.2295928,1.9855374,4.5234413,1.8473575,2.6159077,2.974697,1.9128861
451,1.6682689,0.87835824,4.1245914,2.2696445,1.9696314,4.5534067,1.8741269,2.6191795,2.99547,1.9637711
452,1.4699805,0.85071146,4.084394,2.2717462,1.9567978,4.5312195,1.91818,2.5914452,2.9072533,1.9856213
453,1.6328386,0.828084,4.2808642,2.1879063,2.087682,4.644736,2.0559778,2.625301,3.0166144,1.9983913
454,1.6593792,0.931427,4.246873,2.5763912,2.2296305,4.514408,2.046025,2.6913059,3.0127907,2.0075817
455,1.7042236,0.9784187,4.1920877,2.446251,2.1039271,4.6071978,2.0627627,2.6912532,2.980317,1.9472005
456,1.5475276,0.8662147,4.309003,2.3948998,2.1185212,4.713586,2.0344214,2.600744,2.9653883,2.0614495
457,1.5528696,0.8958606,4.3254995,2.4184802,2.1256704,4.697523,1.9908671,2.6690023,2.9823942,1.9862697
458,1.6085811,0.9228954,4.3672323,2.4658418,2.2442503,4.7883835,2.141522,2.6279178,2.964078,1.961288
459,1.6792669,0.94771516,4.4332347,2.2950654,2.2025974,4.965909,2.1859765,2.6520684,2.9804602,2.0312514
460,1.6090455,0.8950083,4.172431,2.442955,2.141435,4.508978,1.9217796,2.6523285,2.9857063,1.9981958
461,1.762768,0.88173544,4.107488,2.0815496,1.9484724,4.5392904,1.9325851,2.6411173,3.0355973,2.0070474
462,1.6495059,0.89153785,4.1275215,2.2843494,2.0011015,4.5631666,2.034262,2.644721,2.9672332,2.099167
463,1.7863283,0.8556086,4.2367725,1.9192834,1.7007632,4.363495,1.8791976,2.6239812,2.9907231,1.9871471
464,1.636713,0.72096753,3.9720204,1.7837958,1.3631301,4.194563,1.5381386,2.5691283,2.9604669,2.0292873
465,1.5428786,0.8188288,4.3115263,2.139854,1.9698973,4.419265,1.9191735,2.6433644,3.0164633,1.974147
466,1.629798,0.8993943,4.2064066,2.320628,1.9982636,4.607569,1.9820671,2.630005,2.9469805,1.9648076
467,1.680563,0.9371642,4.3566875,2.4548976,2.2445815,4.7297716,2.1260667,2.6920252,2.9463263,1.9804893
468,1.7196617,1.0014232,4.4696302,2.5138373,2.3750482,4.9385166,2.2768428,2.6571674,2.9919896,2.065391
469,1.6716291,0.8935588,4.240838,2.5404534,2.1545916,4.827045,2.0695105,2.6709886,2.9390683,1.8684754
470,1.8257985,1.0368288,4.308731,2.7322166,2.328801,4.9420385,2.3096075,2.7126093,2.9914122,1.9750216
471,1.7397277,0.94681746,4.3718195,2.5691524,2.269617,4.7151136,2.1511488,2.6434119,2.9792492,2.106128
472,1.6725056,0.9799615,4.272048,2.6824994,2.2636201,4.834035,2.1951947,2.6496773,2.950798,2.0334744
473,1.7784297,0.98289,4.489676,2.4932246,2.3539925,4.9350424,2.2082949,2.6806707,3.0095024,1.9797115
474,1.5739877,0.95902216,4.298712,2.6525915,2.166476,4.8751507,2.1592019,2.6592817,2.9273472,2.0014358
475,1.6777587,0.91629875,4.431367,2.4290404,2.227966,4.753398,2.1902614,2.651327,2.9706535,2.0217552
476,1.5966722,0.9083744,4.276743,2.523903,2.1603117,4.6385937,2.049306,2.6022525,2.938015,2.0281627
477,1.6233585,0.88950145,4.4151955,2.4719868,2.289079,5.0512905,2.1373053,2.6248524,2.933437,2.0458238
478,1.562021,0.9346521,4.2387085,2.2230678,2.320943,4.88885,2.037314,2.630331,2.9405558,2.0395722
479,1.5240331,0.75635445,4.277195,2.1841326,1.7891057,4.2315254,1.9007468,2.575107,2.903674,2.0364387
480,1.6941099,0.8526962,4.1319165,2.1837313,1.9418756,4.521758,1.8978426,2.6103127,2.9575515,2.0358086
481,1.611726,0.806115,4.2030406,1.9828806,1.7464797,4.5860167,1.8675401,2.5977879,2.9523976,2.0183022
482,1.5916126,0.7009442,3.6762097,1.6809125,1.3796079,4.0009174,1.5093966,2.5443804,2.9188647,2.1972942
483,1.6321802,0.6612869,3.6019974,1.6183823,1.2119157,4.032917,1.2719485,2.5475411,2.9644113,2.1256654
484,1.5118281,0.59837645,3.5275722,1.4053273,1.1436663,3.7003198,1.393923,2.4868279,2.8914304,2.2694902
485,1.4975652,0.66501075,3.5005689,1.4338517,1.0603642,3.7795982,1.3016877,2.5141072,2.9271176,2.2061834
486,1.6037962,0.62402374,3.47575,1.5413474,1.0927277,3.577407,1.2675958,2.4893513,2.943411,2.2649722
487,1.5771413,0.6332131,3.44571,1.52745,1.0860063,3.9016023,1.1812419,2.5003405,2.9384465,2.3053699
488,1.5359607,0.6334716,3.5641148,1.6247604,1.1652966,3.6905704,1.4381897,2.5315413,2.9131088,2.1621876
489,1.4438736,0.6043763,3.4194007,1.6009694,0.96330786,3.6383176,1.3141742,2.5070052,2.9384925,2.2149262
490,1.5018437,0.6646727,3.3529196,1.7413919,1.1092466,3.5246825,1.3166476,2.51153,2.8801804,2.2074265
491,1.5587722,0.67917466,3.7070782,1.6457555,1.1482618,3.7731905,1.4044571,2.5772002,2.9284685,2.1866636
492,1.7360493,0.67337114,3.6107254,1.7694976,1.1761045,3.7778363,1.5172778,2.5710092,2.9144273,2.1525154
493,1.5620868,0.6837677,3.5891757,1.7754762,1.2321293,3.766685,1.4227793,2.5409112,2.909202,2.2440429
494,1.6017668,0.707825,3.6373425,1.7453325,1.1469508,3.8593802,1.5277042,2.5417056,2.9055872,2.288053
495,1.560227,0.62516356,3.5349019,1.5722604,1.1521621,3.6643312,1.3471246,2.4964676,2.9208837,2.2604752
496,1.616935,0.6790398,3.6579974,1.784368,1.3199441,3.7972317,1.5581872,2.55586,2.9319372,2.2044268
497,1.6167179,0.62957114,3.5757122,1.6458386,1.0614717,3.895721,1.3816757,2.5117252,2.9542012,2.1845148
498,1.6930699,0.6879023,3.6690202,1.6609933,1.174474,3.831364,1.514823,2.5697665,2.9951038,2.224284
499,1.6180921,0.6856891,3.5157156,1.7431772,1.2636526,3.8469272,1.4397364,2.5619965,2.931831,2.0790517
